Region,Zone,Woreda,Period,BCG Distributed,BCG Administered,IPV Distributed,IPV Administered,Measles Distributed,Measles Administered,Penta Distributed,Penta Administered,Rota Distributed,Rota Administered
Addis Ababa,Addis Ketema Sub City,Abebe Bikila Health Center,2016,1280,728,910,726,1600,4577,2919,2256,1754,1516
Addis Ababa,Addis Ketema Sub City,Abisiniya Health center,2016,1380,343,645,456,510,845,1571,1370,979,926
Addis Ababa,Addis Ketema Sub City,Addis Ketema Health Center,2016,2260,994,1390,1255,2800,2243,4235,3791,2394,2536
Addis Ababa,Addis Ketema Sub City,Ginbot 20 Health center,2016,820,228,695,298,790,729,931,943,645,645
Addis Ababa,Addis Ketema Sub City,Kuas Meda Health Center,2016,980,605,985,728,1250,1426,1894,2195,1199,1467
Addis Ababa,Addis Ketema Sub City,Addis Rae Health center,2016,500,321,310,338,720,691,948,1049,513,711
Addis Ababa,Addis Ketema Sub City,Ethiotebib General Hospital,2016,2480,1915,1080,1261,2090,5123,3936,4184,2411,2723
Addis Ababa,Addis Ketema Sub City,Felege Mels Health center,2016,2240,859,1680,900,2580,1819,3289,2698,2000,1798
Addis Ababa,Addis Ketema Sub City,Kolfe Health Center,2016,5960,3338,3195,2705,9000,5397,9891,8070,5573,5365
Addis Ababa,Addis Ketema Sub City,Lomi Meda Health Center,2016,2300,1789,1875,1979,4820,3869,7029,5905,3659,3923
Addis Ababa,Addis Ketema Sub City,MikililandHealth Center,2016,6200,3128,3885,3944,8890,7807,12966,11544,6741,7525
Addis Ababa,Addis Ketema Sub City,Millinium Health center,2016,480,303,465,460,480,1009,1082,1302,682,834
Addis Ababa,Addis Ketema Sub City,Woreda 10 Health Center,2016,340,161,215,228,150,333,339,642,218,414
Addis Ababa,Addis Ketema Sub City,Woreda 11 Philipos Health Center,2016,2300,1179,1695,1382,3940,2668,4634,4118,2763,2750
Addis Ababa,Addis Ketema Sub City,Woreda 3 Health Center,2016,680,386,405,540,850,1172,1862,1710,862,1123
Addis Ababa,Akaki Kality Sub City,Akaki Health Center,2016,5660,2839,5290,2656,7140,3652,10638,7952,6011,5289
Addis Ababa,Akaki Kality Sub City,Gelan Health Center,2016,4760,2452,5655,3171,8050,5297,10744,8768,4456,5639
Addis Ababa,Akaki Kality Sub City,Gelan Gura Health center,2016,760,334,1445,484,1910,696,2197,1412,1353,936
Addis Ababa,Akaki Kality Sub City,Kality Health Center,2016,3160,1172,4310,1723,5060,3400,6782,4996,3905,3260
Addis Ababa,Akaki Kality Sub City,Saris_PHCU,2016,3380,915,2910,1526,3920,2687,6051,4462,3896,2922
Addis Ababa,Akaki Kality Sub City,Selam Frea Health Center,2016,1100,542,1350,828,2070,1491,2802,2367,1693,1539
Addis Ababa,Akaki Kality Sub City,Sertie Health Center,2016,3680,1326,2060,1510,3000,2713,5147,4558,2885,2996
Addis Ababa,Arada Sub City,Abuare Health Center,2016,820,225,690,334,520,808,1429,1084,931,730
Addis Ababa,Arada Sub City,Arada Health Center_Closed,2016,1240,160,545,175,200,386,1604,525,975,349
Addis Ababa,Arada Sub City,Bashawolid health center,2016,360,62,140,159,3500,293,293,357,196,225
Addis Ababa,Arada Sub City,Janmeda Health Center,2016,6860,2784,2460,1841,2180,3688,7127,6040,4625,4186
Addis Ababa,Arada Sub City,Kebena Health Center,2016,2820,1114,1805,750,100,1660,3502,2316,1977,1449
Addis Ababa,Arada Sub City,Semen Health Center,2016,2680,1236,2175,1254,660,2251,4565,3763,2681,2509
Addis Ababa,Bole Sub City,Bole 17 Health Center,2016,960,993,750,1036,1210,2057,2574,3371,1616,2225
Addis Ababa,Bole Sub City,Bole 17/20 Health Center,2016,720,520,810,779,1330,1339,2256,2461,1467,1676
Addis Ababa,Bole Sub City,Bulbula Health Center,2016,2300,1805,2105,2404,3910,4459,6257,8079,3950,5441
Addis Ababa,Bole Sub City,Bole Sub City Health Office,2016,13960,9290,9565,5308,12270,9008,22493,16742,15799,11210
Addis Ababa,Bole Sub City,Dil Fere Health Center,2016,1540,1415,1675,1760,2120,2755,4280,5249,2692,3462
Addis Ababa,Bole Sub City,Gerji Health Center,2016,1460,1206,1550,1804,2620,3026,4298,5275,2621,3446
Addis Ababa,Bole Sub City,Yekatit 12 General Hospital Medical College,2016,9920,8864,115,164,300,158,776,545,601,369
Addis Ababa,Gulele Sub City,Addis Hiwot health Center,2016,760,433,470,613,100,1228,1410,1796,880,1181
Addis Ababa,Gulele Sub City,Addisu Gebaya Health Center,2016,1080,711,975,1002,2060,2368,2719,3185,1807,2009
Addis Ababa,Gulele Sub City,Entoto Fana Health Center,2016,920,810,1030,1226,1970,2484,2982,3668,1831,2428
Addis Ababa,Gulele Sub City,Hidasie Health Henter,2016,660,741,780,1049,270,2072,2164,2845,1257,1869
Addis Ababa,Gulele Sub City,Maychew Health Center,2016,1680,748,720,827,220,1549,2012,2486,1245,1625
Addis Ababa,Gulele Sub City,Selam Health Center,2016,880,652,705,776,1140,1579,1984,2452,1279,1629
Addis Ababa,Gulele Sub City,Shegole Health Center,2016,480,604,725,974,1100,1674,2426,2843,1364,1875
Addis Ababa,Gulele Sub City,Shiromeda Health Center,2016,400,297,365,369,740,908,1025,1137,672,756
Addis Ababa,Gulele Sub City,Tibeb Bekechene Health Center,2016,1240,554,815,763,1370,1502,2006,2284,1247,1491
Addis Ababa,Hospital,Tirunesh Beijing Hospital,2016,4020,3429,1460,688,2450,1044,3070,2155,1996,1467
Addis Ababa,Hospital,Ras Desta Damitew General Hospital,2016,2600,2294,140,137,160,226,571,480,283,329
Addis Ababa,Hospital,Gandhi MCH Speciality Center,2016,7620,4418,485,94,470,186,286,300,191,206
Addis Ababa,Hospital,Zewditu Memorial General Hospital,2016,6060,5142,270,169,490,295,576,502,339,356
Addis Ababa,Hospital,ALERT General Hospital,2016,6320,4109,525,0,970,0,984,0,328,0
Addis Ababa,Hospital,Eka Kotebe General Hospital,2016,4460,81,220,0,710,0,883,0,574,0
Addis Ababa,Hospital,Dagmawi Minilik Comprehensive Specialized Hospital,2016,1460,1350,60,107,130,132,277,405,188,297
Addis Ababa,Kirkos Sub City,Betsegah Maternal and Child Health Specialty center,2016,1600,1468,1025,848,1470,1414,2672,2980,1806,2062
Addis Ababa,Kirkos Sub City,Efoyita Health Center,2016,340,209,440,380,830,912,953,1203,560,781
Addis Ababa,Kirkos Sub City,Felegehiwot Health Center,2016,300,100,375,208,1140,331,537,610,302,395
Addis Ababa,Kirkos Sub City,Feresmeda Health Center,2016,1460,285,465,604,1380,1293,1853,1712,1204,1088
Addis Ababa,Kirkos Sub City,Goteramasalecha Health Center,2016,5660,244,1175,410,2100,991,3151,1159,2242,749
Addis Ababa,Kirkos Sub City,Hiwotamba Health Center,2016,840,407,765,588,1410,1261,1547,1773,960,1172
Addis Ababa,Kirkos Sub City,Kazanchise_PHCU,2016,1900,995,2165,821,3430,1800,4381,2521,3915,1676
Addis Ababa,Kirkos Sub City,Kirkos Health Center,2016,1600,509,1400,567,2140,1130,2880,1772,1796,1172
Addis Ababa,Kirkos Sub City,Maristopes Maternal And Child Health Specialty Center,2016,1680,2984,955,2133,1160,3514,3031,6740,1049,4541
Addis Ababa,Kirkos Sub City,Mesholekiya Health Center,2016,2300,1424,1585,920,960,1605,3273,2929,2094,1994
Addis Ababa,Kolfe Subcity,Alembank Health Center,2016,7480,4878,6630,5133,10090,10226,14167,15497,9216,10364
Addis Ababa,Kolfe Subcity,Keranyo Health Center,2016,2980,2072,2345,2816,5160,5280,7864,8547,4902,5730
Addis Ababa,Kolfe Subcity,Woreda 06 Health Center,2016,4300,2283,3570,2395,1670,4952,8378,8014,5015,5328
Addis Ababa,Kolfe Subcity,Woreda 01Health Center,2016,4140,4034,2415,4486,3640,7444,7309,13232,4140,8398
Addis Ababa,Kolfe Subcity,Woreda 09 Health Center,2016,2240,1630,1555,1715,1690,2951,4104,5106,2283,3395
Addis Ababa,Kolfe Subcity,Woreda 03 Health Center,2016,5960,5172,5225,5775,8670,12207,14539,16918,8842,10905
Addis Ababa,Lemi Kura Sub City,Amoraw Memmorial Health Center,2016,2600,2099,1975,3288,3230,6265,7700,9487,5172,6161
Addis Ababa,Lemi Kura Sub City,Arabsa Health Center,2016,1140,1181,3955,2515,2300,4435,6024,7430,4150,5016
Addis Ababa,Lemi Kura Sub City,Goro Health Center,2016,2620,2243,2580,2431,3370,4838,7154,8348,5210,5842
Addis Ababa,Lemi Kura Sub City,Woreda 2 Health Center,2016,2340,1793,1680,1907,2770,4607,6572,7481,4165,4974
Addis Ababa,Lemi Kura Sub City,Woreda 14 Hedase Health Center,2016,3040,2374,2325,2915,3780,5223,7501,8834,5157,5927
Addis Ababa,Lemi Kura Sub City,Meri Health Center,2016,1180,920,1625,1806,2770,3872,5037,5758,3254,3704
Addis Ababa,Lemi Kura Sub City,Raey Health Center,2016,1800,1504,1460,1970,2070,3595,4575,5991,3571,3960
Addis Ababa,Lemi Kura Sub City,Samit_PHCU,2016,1140,1056,1445,2027,1780,3341,4823,6137,3490,4176
Addis Ababa,Lemi Kura Sub City,Abado Health Center,2016,2100,1478,2380,2272,3180,3923,5277,6899,3778,4557
Addis Ababa,Lideta Sub City,Abnet Health center,2016,2160,1067,420,733,1330,1206,2237,2387,1131,1654
Addis Ababa,Lideta Sub City,W/ro Beletshachew Health Center,2016,940,402,900,594,1220,1405,2045,1851,1329,1215
Addis Ababa,Lideta Sub City,General Jagema Kelo memorial health center,2016,1840,1286,1180,1412,3360,2664,4274,4200,2506,2706
Addis Ababa,Lideta Sub City,Hidase Fire Health Center,2016,340,150,360,235,270,541,953,725,544,476
Addis Ababa,Nifas Silk Lafto Sub City,Woreda 01 Health Center,2016,4760,2314,3710,3103,6110,5618,9048,9167,5431,6071
Addis Ababa,Nifas Silk Lafto Sub City,weroda 10 Health Center,2016,1300,619,1235,853,2070,1660,2822,2596,2179,1709
Addis Ababa,Nifas Silk Lafto Sub City,Weroda 11 Health Center,2016,5240,2452,4240,3162,6780,6019,10116,9250,5713,6109
Addis Ababa,Nifas Silk Lafto Sub City,Weroda 12 Health Center,2016,4240,2019,5720,3093,9070,5935,10019,9019,5076,5926
Addis Ababa,Nifas Silk Lafto Sub City,Weroda 2 Health Center,2016,6260,6321,5405,6518,10460,10915,14356,19208,8653,12688
Addis Ababa,Nifas Silk Lafto Sub City,wereda 6 Health center,2016,3080,1676,2660,1643,4380,2998,5791,4702,3325,2955
Addis Ababa,Nifas Silk Lafto Sub City,woreda 9 Health Center,2016,1400,1272,1920,1368,2850,2502,4167,4018,2482,2651
Addis Ababa,Nifas Silk Lafto Sub City,Woreda 5 Health Center,2016,1420,735,1730,1099,2720,2181,3355,3251,1581,2153
Addis Ababa,Yeka Sub City,Chefe Health Center,2016,2060,1207,1300,1171,1440,1706,3210,3465,2158,2307
Addis Ababa,Yeka Sub City,Entoto No.1 Health Center,2016,520,146,215,239,680,600,781,719,530,471
Addis Ababa,Yeka Sub City,Entoto No.2 Health Center,2016,2240,1581,1585,1813,1310,3208,4206,5396,3126,3583
Addis Ababa,Yeka Sub City,Korea Zemachoch Metasebiya Health Center,2016,600,149,235,246,10,571,599,697,372,452
Addis Ababa,Yeka Sub City,Kotebe 02 Health Center,2016,2800,2187,3150,2380,3830,4197,5888,7185,4077,4709
Addis Ababa,Yeka Sub City,Yeka Health Center,2016,640,852,1140,1142,1840,2131,2408,3281,1695,2149
Addis Ababa,Yeka Sub City,Ferensay Around_PHCU,2016,500,442,625,742,690,1502,1658,2197,1093,1450
Addis Ababa,Yeka Sub City,Wereda 10 Health Center,2016,1360,870,1330,1259,2250,2500,3070,3879,2177,2549
Addis Ababa,Yeka Sub City,Werda12 Health center,2016,1900,1784,2500,2121,2600,3815,5044,6314,3530,4178
Addis Ababa,Yeka Sub City,Wereda 07 Health Center,2016,1000,820,610,581,430,961,1418,1701,920,1128
Afar,Zone-1,Adaar,2016,2020,1132,2450,1576,6170,2560,2870,4492,2090,3013
Afar,Zone-1,Afambo,2016,680,987,1065,1279,1980,2222,1055,3406,781,2115
Afar,Zone-1,Aysita,2016,4360,2844,2710,3304,7450,5157,6158,9413,4253,6188
Afar,Zone-1,Chifra,2016,3380,3231,4310,4700,9740,7415,6664,11672,4447,7436
Afar,Zone-1,Dubti,2016,4260,2580,3580,3230,6970,4918,5510,8114,3553,5317
Afar,Zone-1,Elidar,2016,3200,1508,2925,2454,7640,3713,4069,5762,2934,3586
Afar,Zone-1,Kori,2016,1960,1275,1855,2044,3860,3013,2574,4612,1827,2878
Afar,Zone-1,Mille,2016,4100,4066,3790,5608,6900,8606,7296,14084,4638,9072
Afar,Zone-1,Semera,2016,1720,2172,1065,2751,2050,3997,1719,7152,1220,4394
Afar,Zone-2,Aba'ala,2016,7440,1796,4510,2595,9330,2936,7990,7118,6180,4669
Afar,Zone-2,Afdera,2016,1320,1102,1950,1661,3200,2753,2058,3936,1518,2536
Afar,Zone-2,Berahle,2016,6280,2701,6565,4061,13190,6283,8596,10721,5864,7259
Afar,Zone-2,Bidu,2016,1580,806,2105,1456,5160,2407,1891,4748,1831,2698
Afar,Zone-2,Dalol,2016,5620,1488,3200,2447,12340,4337,8755,5880,4942,3870
Afar,Zone-2,Erabti,2016,2900,551,1870,1103,4740,1468,2322,2341,1262,1393
Afar,Zone-2,Kunoba,2016,4260,1665,2995,1492,8620,3799,5164,7539,3676,4983
Afar,Zone-2,Megale,2016,2660,1215,2640,1956,5510,2682,4957,5087,3159,3468
Afar,Zone-3,Amibara,2016,5340,1815,3490,1988,9780,3408,7295,5611,4733,3713
Afar,Zone-3,Argoba Liyu,2016,1220,591,1025,708,2460,1235,1619,2058,867,1338
Afar,Zone-3,Awash Fenteale,2016,1500,744,1025,964,1490,1443,1206,2523,712,1621
Afar,Zone-3,Awash Town,2016,1340,1120,680,1136,2010,2255,2685,3323,1607,2230
Afar,Zone-3,Buremedaytu,2016,2460,513,2450,286,8490,1600,3444,2005,2510,1288
Afar,Zone-3,Dulecha,2016,1020,604,700,799,1640,1512,1619,2591,1332,1675
Afar,Zone-3,Gewane,2016,2040,745,2455,808,5230,1040,3062,2183,2138,1433
Afar,Zone-4,Awura,2016,1200,880,1305,1445,2880,2251,1937,3750,1448,2434
Afar,Zone-4,Ewa,2016,1820,1729,1910,2130,4230,3641,2575,5639,1639,3476
Afar,Zone-4,Gulina,2016,2580,1923,2700,2272,5850,3479,4015,6224,2703,3932
Afar,Zone-4,Teru,2016,1220,927,1900,1400,4370,2153,3032,4158,1052,2864
Afar,Zone-4,Yallo,2016,2220,1363,2200,2079,6020,3444,4680,5410,2657,3379
Afar,Zone-5,Dalifaghe,2016,680,1355,915,1634,3480,2803,1150,4451,1024,2895
Afar,Zone-5,Dewe,2016,4500,22966,3515,1793,6860,2623,4089,4405,2745,2915
Afar,Zone-5,Hadeleala,2016,1860,14618,1870,1568,4360,2609,3197,3890,2193,2440
Afar,Zone-5,Semirobi,2016,1340,11708,1590,1041,3630,1980,2683,3125,1581,2200
Afar,Zone-5,Telalak,2016,2200,13545,1530,1445,4210,2539,2810,3694,1749,2297
Afar,Zone-6,Gereni,2016,900,592,1455,803,2960,1174,1828,2208,1428,1381
Amhara,Awi,Ankasha Guagusa,2016,10060,2169,6295,2227,13690,3848,12870,6564,7571,2227
Amhara,Awi,Ayehu Guagusa,2016,5320,2802,7065,3483,8300,5406,5971,8756,4071,3483
Amhara,Awi,Banja,2016,5500,2417,3520,2513,6600,4784,8314,7271,4562,2513
Amhara,Awi,Chagni Town,2016,4100,2679,3625,2651,6210,4840,8098,7526,4327,2651
Amhara,Awi,Dangla Town,2016,4560,1958,2050,1906,4450,3344,6602,5669,3983,1906
Amhara,Awi,Dangla Zuria,2016,6780,2398,4545,2494,7170,4552,8313,7541,5880,2494
Amhara,Awi,Fagitalekoma,2016,10680,4174,6325,4226,11870,7966,14167,12645,8300,4226
Amhara,Awi,Guagusa Shikuda,2016,6840,2063,4360,2349,9050,3584,8344,6961,5387,2349
Amhara,Awi,Guangua,2016,8580,3196,5805,3232,10280,6129,12076,9502,6780,3232
Amhara,Awi,Injibara Town,2016,7520,4008,5940,3191,2680,6214,10732,9414,5463,3191
Amhara,Awi,Jawi,2016,11460,4801,9110,6574,5530,9454,17244,16668,9794,6574
Amhara,Awi,Zigem,2016,7900,2921,5645,3419,11050,6433,12021,9311,7483,3419
Amhara,Bahir Dar Town,Bahir Dar Town,2016,41220,24803,25415,21695,49680,36636,70320,63530,39583,21695
Amhara,Central Gondar,Alefa,2016,10320,7105,7790,8077,19150,14367,17407,22345,11280,8077
Amhara,Central Gondar,Cetral Armachiho,2016,5240,2102,3255,2199,6140,3513,8310,5909,4894,2199
Amhara,Central Gondar,Chilga,2016,7620,4950,6200,5680,12840,9881,14111,15331,8764,5680
Amhara,Central Gondar,East Belesa,2016,8480,4731,6170,5488,14600,9407,13413,13685,8723,5488
Amhara,Central Gondar,East Dembia,2016,11280,7430,8165,7340,91420,15349,20079,21682,13094,7340
Amhara,Central Gondar,Gondar Zuriya,2016,7840,6257,6395,6386,17840,11530,13950,19222,9557,6386
Amhara,Central Gondar,Kinfaze Begela,2016,4940,2912,3200,3264,34550,10573,8038,8289,5141,3264
Amhara,Central Gondar,Lay Armacho,2016,6060,3007,4795,3352,11410,6563,10484,9559,6470,3352
Amhara,Central Gondar,Nebaru Chilga,2016,3380,2037,3000,2127,7000,4023,6919,6375,4362,2127
Amhara,Central Gondar,Tach Armacho,2016,6880,4935,5120,4954,53700,14071,12021,14482,7267,4954
Amhara,Central Gondar,Takusa,2016,8460,6183,7035,8481,16800,12529,15853,21556,10235,8481
Amhara,Central Gondar,Tegede,2016,6080,3296,4640,4539,13160,6951,10680,14042,6593,4539
Amhara,Central Gondar,West Belesa,2016,10220,5971,7170,7204,15420,11936,16947,19059,10758,7204
Amhara,Central Gondar,West Dembia,2016,5240,3036,4310,3523,11380,6169,10346,9663,6910,3523
Amhara,Central Gondar,Wogera,2016,15020,8238,9755,8583,24000,15504,22903,24646,15039,8583
Amhara,Debrebirhan Town,Debrebirhan Town,2016,10740,9053,5845,7246,11750,13198,16625,22059,9332,7246
Amhara,Debremarkos Town,Debremarkos Town,2016,11980,7973,7625,5184,12780,8880,16521,15064,10190,5184
Amhara,Debretabor Town,Debretabor Town,2016,12980,6895,5800,4010,3760,7614,16914,11781,10669,4010
Amhara,Dessie Town,Dessie Town Zone,2016,18840,9243,20690,8852,38000,16241,39511,27074,25507,8852
Amhara,East Gojjam,Aneded,2016,4880,2293,3025,2367,5810,4483,5639,7043,3635,2367
Amhara,East Gojjam,Awabel,2016,7980,3620,3050,5227,10430,8469,7385,15379,4922,5227
Amhara,East Gojjam,Basoliben,2016,7520,3129,3985,3338,9120,5110,8556,10323,5397,3338
Amhara,East Gojjam,Bibugne,2016,5740,3522,3420,3260,7240,6227,6205,9854,3571,3260
Amhara,East Gojjam,Debaytilatgin,2016,4960,3086,4710,3697,9840,6605,8247,11259,5406,3697
Amhara,East Gojjam,Debre Elias Worda,2016,5220,2235,3375,2585,8470,3944,6144,7154,4081,2585
Amhara,East Gojjam,Dejen,2016,7540,3583,3820,4087,8350,7762,9037,12353,5376,4087
Amhara,East Gojjam,Enarje Enawga,2016,10880,7660,7285,7896,12780,14522,11887,23748,6863,7896
Amhara,East Gojjam,Enebse Sar Mider,2016,8820,5783,5440,5449,11580,10028,9027,17591,5210,5449
Amhara,East Gojjam,Enemay,2016,8040,6683,4925,6800,9510,12262,11258,20146,7633,6800
Amhara,East Gojjam,Goncha WorHO,2016,6320,7026,4655,7525,9710,13714,9167,21775,5904,7525
Amhara,East Gojjam,Gozamin,2016,8520,3829,3270,3756,6450,6598,9273,11474,5897,3756
Amhara,East Gojjam,Hulet Eju Nese WorHO,2016,8880,4726,5835,5112,12120,8572,11209,15140,7298,5112
Amhara,East Gojjam,Machakel,2016,7140,2111,4310,1957,11850,3122,8559,6175,5694,1957
Amhara,East Gojjam,Motta town,2016,4860,2428,4075,1984,4810,3655,7832,6303,4564,1984
Amhara,East Gojjam,Sedie,2016,5520,2794,3365,3514,8080,5586,7594,9511,4309,3514
Amhara,East Gojjam,Shebel Berenta,2016,6460,4781,3980,4939,9420,9028,7193,14459,5399,4939
Amhara,East Gojjam,Sinan,2016,5420,3647,2265,3624,5060,7156,6027,10883,3600,3624
Amhara,Gondar Town,Gondar Town,2016,26400,15593,16900,13900,29190,24289,47164,42056,30431,13900
Amhara,Kombolcha Town,Kombolcha Town,2016,8740,6138,8405,6259,16780,11634,18391,18133,11384,6259
Amhara,North Gojjam,Bahir Dar Zuria,2016,11240,7512,8435,7284,17940,13770,17427,21858,10176,7284
Amhara,North Gojjam,Gonji Kollela,2016,5720,2405,4025,2535,9700,5831,7539,7834,5295,2535
Amhara,North Gojjam,North Achefer,2016,14040,7030,6160,6820,13290,12336,16617,20962,10037,6820
Amhara,North Gojjam,North Mecha,2016,17380,9947,8880,9421,19130,17935,24751,28367,14066,9421
Amhara,North Gojjam,South Achefer,2016,11480,5184,4955,4582,11860,7373,14414,13943,6786,4582
Amhara,North Gojjam,South Mecha,2016,6920,2402,3660,2493,6320,4592,8033,7706,4124,2493
Amhara,North Gojjam,Yilmana Densa,2016,15120,7195,8640,7327,20050,13564,20153,21928,12436,7327
Amhara,North Gondar,Adi Arkay,2016,7420,4820,5295,5428,13840,10104,12122,16132,8113,5428
Amhara,North Gondar,Beyeda,2016,5740,3166,4335,3619,8470,6707,10058,10249,6384,3619
Amhara,North Gondar,Dabat,2016,14400,6418,9525,6802,21240,11580,22200,19662,14499,6802
Amhara,North Gondar,Debark Town,2016,12000,3001,9085,2839,22980,5144,25880,8815,14608,2839
Amhara,North Gondar,Debark Zuria,2016,1200,4868,560,5047,1120,8774,1615,14504,1093,5047
Amhara,North Gondar,Janamora,2016,12560,6961,8755,6833,92110,12475,21683,20090,14104,6833
Amhara,North Gondar,Telemt,2016,14860,3153,10925,3879,25010,6372,26835,11095,16565,3879
Amhara,North Shewa,Angolela Tara,2016,4740,1500,3030,1523,1660,2787,6827,4591,4327,1523
Amhara,North Shewa,Ankober,2016,3100,1406,1755,1785,2130,3020,3561,4863,2662,1785
Amhara,North Shewa,Antsokia Gemiza,2016,4820,2727,4360,2690,8080,5256,9679,8047,5797,2690
Amhara,North Shewa,Asagirt,2016,1160,1257,1205,2831,2370,2582,1841,3719,1559,2831
Amhara,North Shewa,Bassona Worana,2016,5460,2247,2920,2353,3470,4192,7358,7182,4601,2353
Amhara,North Shewa,Berehet,2016,1780,821,1530,836,840,1619,1939,2599,1342,836
Amhara,North Shewa,Efratana Gidim,2016,10420,4562,9610,5067,17740,9044,13903,13923,11645,5067
Amhara,North Shewa,Ensaro,2016,4040,2676,3485,3009,5410,5815,7188,8780,4707,3009
Amhara,North Shewa,Gishe,2016,4380,1818,4010,1794,8000,3264,6876,5350,4361,1794
Amhara,North Shewa,Hagere Mariam,2016,2840,1052,1320,1080,1600,1867,3021,3382,2137,1080
Amhara,North Shewa,Kewot,2016,5400,2903,4435,3141,9240,5653,9444,8778,5588,3141
Amhara,North Shewa,Menz Gera Midir,2016,6760,4894,6230,9278,7990,9214,9359,14843,5775,9278
Amhara,North Shewa,Menz Keya Gebreal,2016,2340,2506,1475,3264,2550,5799,3580,7567,3287,3264
Amhara,North Shewa,Menz Lalo Midir,2016,2140,1587,950,1505,1830,2935,3139,4543,2124,1505
Amhara,North Shewa,Menz Mama Midir,2016,5220,3532,3405,3363,6900,6551,9847,10453,6790,3363
Amhara,North Shewa,Merhabete,2016,7620,4024,4310,4035,5330,6796,10057,12042,7170,4035
Amhara,North Shewa,Mida Woremo,2016,5780,3048,2850,3133,6460,6051,7560,9156,5922,3133
Amhara,North Shewa,Minjar Shenkora,2016,5600,3293,3880,3198,4910,5744,7531,9850,5646,3198
Amhara,North Shewa,Mojana Wodera,2016,3820,2439,1535,2611,4000,4891,4437,7562,3259,2611
Amhara,North Shewa,Mortena Jiru,2016,4240,4035,2235,4545,3640,7586,6227,12755,3965,4545
Amhara,North Shewa,Saya Deberna Wayu,2016,3640,2121,2070,2128,4090,3711,5963,6404,4131,2128
Amhara,North Shewa,Shoarobit Town,2016,4380,2440,4435,2304,9020,3871,7581,7133,5795,2304
Amhara,North Shewa,Tarmaber,2016,4740,2507,3490,2558,5530,4571,5943,7714,5361,2558
Amhara,North Wollo,Angot,2016,2460,1506,2355,1607,4250,2820,3979,4606,2716,1607
Amhara,North Wollo,Bugina,2016,2880,1736,3320,1868,8100,4244,6267,5720,3814,1868
Amhara,North Wollo,Dawunt,2016,3980,2861,3405,2975,7710,5155,6722,8814,4486,2975
Amhara,North Wollo,Gazo,2016,4600,2808,4115,2918,7990,5385,8301,8600,5663,2918
Amhara,North Wollo,Gidan,2016,7000,4744,6070,5110,15470,8986,13100,14986,8470,5110
Amhara,North Wollo,Guba Lafto,2016,8600,5684,7440,5870,18320,10964,15100,17840,10993,5870
Amhara,North Wollo,Habru,2016,12780,9165,9610,9104,23280,16335,23422,27831,15892,9104
Amhara,North Wollo,Kobo Town,2016,8560,2444,6975,2501,8900,3824,13009,7664,9504,2501
Amhara,North Wollo,Lasta,2016,9300,3848,8530,4335,13880,7360,17386,13018,11064,4335
Amhara,North Wollo,Meket,2016,10140,6949,10675,8453,17990,14451,20323,23539,13826,8453
Amhara,North Wollo,Raya Kobo,2016,10360,8658,12000,10472,32200,15693,17861,28046,12558,10472
Amhara,North Wollo,Wadila,2016,7800,4833,6660,4898,11000,9520,13350,14673,9615,4898
Amhara,Oromia Special,Artuma Fursi,2016,6780,4618,5340,5075,58310,9498,11936,14264,7778,5075
Amhara,Oromia Special,Bati Town,2016,2620,1824,2310,2059,2340,3539,4715,5720,3431,2059
Amhara,Oromia Special,Bati,2016,6800,3678,5520,4074,31110,7348,10662,11503,7389,4074
Amhara,Oromia Special,Dawa Chefa,2016,10080,6576,8790,7109,71570,12074,18237,20307,12097,7109
Amhara,Oromia Special,Dawa Harewa,2016,3820,2334,3100,2490,25710,4353,6516,7112,4370,2490
Amhara,Oromia Special,Jile Timuga,2016,6080,4120,4625,5250,45300,9929,10881,13116,7188,5250
Amhara,Oromia Special,Kemisie Town,2016,3600,2925,3960,3045,31520,5815,9393,8643,5671,3045
Amhara,South Gondar,Andabet,2016,10400,4390,7500,4352,12660,8892,13061,12603,7338,4352
Amhara,South Gondar,Dera,2016,24120,9747,14530,9357,24870,17273,33124,28471,19702,9357
Amhara,South Gondar,Ebinat,2016,10280,6738,8180,6477,21180,11799,17974,18854,13649,6477
Amhara,South Gondar,Estie,2016,18160,8312,11720,8413,22020,14606,22486,25912,14928,8413
Amhara,South Gondar,Farta,2016,11880,5112,8310,5015,12730,9657,13711,15124,8837,5015
Amhara,South Gondar,Fogera,2016,20700,7248,10940,7527,19360,13601,27731,22600,17250,7527
Amhara,South Gondar,Guna Begemidir,2016,6500,3578,4365,3498,13090,6801,8111,10535,5262,3498
Amhara,South Gondar,Lay Gayint,2016,17260,8139,11815,8138,19840,14680,21607,24248,13023,8138
Amhara,South Gondar,Libokemkem,2016,13720,8956,9480,8683,20620,16587,20496,27069,12730,8683
Amhara,South Gondar,Mena Meketewa,2016,1820,1001,1060,1172,22940,2275,3038,3480,2035,1172
Amhara,South Gondar,Sedie Muja,2016,6340,3035,3705,2917,6980,5296,9062,8675,4998,2917
Amhara,South Gondar,Simada,2016,12460,6079,10105,6443,79090,11897,16679,19339,9965,6443
Amhara,South Gondar,Tach Gayint,2016,6940,3370,5400,3178,9050,5967,9496,9698,5950,3178
Amhara,South Wollo,Albuko,2016,4540,3035,4615,4317,8170,5962,7541,9032,5047,4317
Amhara,South Wollo,Ambasel,2016,5340,4704,6180,5276,12330,9483,10235,14569,6393,5276
Amhara,South Wollo,Amhara Saint,2016,8540,5721,8400,6017,76600,11359,13785,17411,9504,6017
Amhara,South Wollo,Argoba,2016,3500,1917,2640,2572,4080,4390,5732,6411,4384,2572
Amhara,South Wollo,Borena,2016,9300,6700,9225,6705,15120,12506,14533,19762,10145,6705
Amhara,South Wollo,Delanta,2016,6820,4064,4670,4317,6230,7455,9589,12276,6289,4317
Amhara,South Wollo,Dessie Zuria,2016,1420,5624,1385,5697,1930,10423,2272,16940,1674,5697
Amhara,South Wollo,Jamma,2016,6900,5091,5700,5380,13660,10080,12121,15828,6716,5380
Amhara,South Wollo,Kallu,2016,13100,8320,12365,8384,23090,16096,24388,24861,15542,8384
Amhara,South Wollo,Kelala,2016,9860,6309,8615,6399,19000,12208,17538,19013,10845,6399
Amhara,South Wollo,Kutaber,2016,6120,3565,5295,3645,12740,6933,11285,10761,6845,3645
Amhara,South Wollo,Legambo,2016,9520,6606,8575,6619,16220,13075,14966,19763,9992,6619
Amhara,South Wollo,Legehida,2016,3260,2564,3405,2530,5450,5161,5891,7534,4062,2530
Amhara,South Wollo,Mehal Saint,2016,4820,2589,3450,3019,8840,5576,7738,8444,4954,3019
Amhara,South Wollo,Mekdela,2016,8820,5616,8930,6862,16360,12029,15720,17447,10745,6862
Amhara,South Wollo,Tehuledre,2016,7000,5256,6675,5435,12670,10438,12881,15958,8093,5435
Amhara,South Wollo,Tenta,2016,8520,5907,9100,6040,16020,11170,14257,18044,9932,6040
Amhara,South Wollo,Wogidi,2016,7760,5360,6780,5062,12610,9811,13621,15084,9000,5062
Amhara,South Wollo,Worebabo,2016,5460,3550,4970,3847,8920,7227,9646,10763,5581,3847
Amhara,South Wollo,Woreilu,2016,6940,4559,6685,4808,12050,9811,13439,13606,8537,4808
Amhara,Waghimera,Abergele,2016,2880,1494,5355,3585,11140,3703,9553,8916,7629,3585
Amhara,Waghimera,Dehana,2016,5760,4912,6530,5772,13320,9608,13474,16011,9382,5772
Amhara,Waghimera,Gazgibla,2016,3720,2384,4865,3803,9880,5808,8700,9919,5539,3803
Amhara,Waghimera,Sehala,2016,1280,1027,1560,1407,14590,2165,3639,4353,2086,1407
Amhara,Waghimera,Sekota Town,2016,1840,2065,2145,2033,2030,2668,3369,5971,2530,2033
Amhara,Waghimera,Sekota Zuria,2016,13100,3891,11605,4824,59270,8522,25348,12957,16372,4824
Amhara,Waghimera,Tsagibji,2016,1620,1700,2280,2083,7480,3027,4815,6762,3674,2083
Amhara,Waghimera,Ziquala,2016,3280,2419,3080,2749,27880,5048,7001,8041,3937,2749
Amhara,West Gojjam,Bure Town,2016,3060,2384,1550,2507,1700,4420,3852,7399,2869,2507
Amhara,West Gojjam,Bure Zuria,2016,6460,2003,2850,2170,7940,3806,9419,6747,5897,2170
Amhara,West Gojjam,Dega Damot,2016,6880,3604,2110,8592,4370,11612,6333,16759,4485,8592
Amhara,West Gojjam,Dembecha,2016,11640,4941,5695,4560,12750,8131,14673,14108,8680,4560
Amhara,West Gojjam,Finote Selam Town,2016,7060,2629,4020,2331,6380,3955,8473,7205,5588,2331
Amhara,West Gojjam,Jabi Tehnan,2016,9840,4413,4025,4495,9470,9039,11167,14526,7732,4495
Amhara,West Gojjam,Quarit,2016,7460,957,4130,1714,8700,2923,8400,5508,6200,1714
Amhara,West Gojjam,Sekela,2016,8400,2453,4395,2932,8540,5024,7726,9009,5197,2932
Amhara,West Gojjam,Wenberma,2016,6960,3247,3390,3380,8130,6508,8151,10564,5495,3380
Amhara,West Gondar,Adagnager Chako,2016,2580,1400,1495,2926,3730,4049,4297,5684,2780,2926
Amhara,West Gondar,Gendawuha,2016,6600,1408,6390,1511,26250,2522,12294,4215,7418,1511
Amhara,West Gondar,Metema,2016,7460,5300,4470,6582,7590,10712,12603,16180,8776,6582
Amhara,West Gondar,Quara,2016,6380,5238,4275,5424,8600,9677,10843,16281,7279,5424
Amhara,West Gondar,West Armachho,2016,3080,1980,1820,2222,22740,3583,5990,6059,3759,2222
Amhara,Woldia Town,Woldia Town,2016,4540,4128,5215,3938,7390,6659,9766,12737,6472,3938
Benishangul-Gumuz,Asossa,Abrahamo Woreda,2016,2940,1090,2180,1375,7200,2475,5389,4020,3285,2645
Benishangul-Gumuz,Asossa,Bambasi,2016,6200,2247,8100,2260,4820,3542,9338,6798,6979,4545
Benishangul-Gumuz,Asossa,Buldigilu Woreda,2016,4120,2461,3005,2381,6270,4495,5394,7219,4542,4781
Benishangul-Gumuz,Asossa,Homesha,2016,3740,796,2725,860,3470,1618,7324,2643,5019,1783
Benishangul-Gumuz,Asossa,Kurmuk,2016,1900,910,1610,915,2760,1497,3127,2852,2572,1930
Benishangul-Gumuz,Asossa,Menge,2016,3380,1931,2585,1808,5410,3335,5656,5446,3940,3648
Benishangul-Gumuz,Asossa,Oura,2016,4980,1290,3130,1247,8150,2841,6930,3701,4765,2453
Benishangul-Gumuz,Asossa,Sherkole,2016,2740,1216,2270,1387,3820,2155,5615,4468,4226,3046
Benishangul-Gumuz,Asossa,Undullu,2016,1660,1002,1245,947,1980,1813,2732,2874,2085,1935
Benishangul-Gumuz,Assosa Town,Assosa Town,2016,7960,4158,5965,4286,9120,5733,14266,10986,8683,7368
Benishangul-Gumuz,Kamashi,Dambe Woreda,2016,1440,267,1490,385,3680,1174,3515,2299,4511,1893
Benishangul-Gumuz,Kamashi,Kamashi Woreda,2016,720,331,1240,486,3530,469,2551,2012,2290,1399
Benishangul-Gumuz,Kamashi,Mizhiga Woreda,2016,1960,502,1470,306,20240,1008,3555,1730,2379,1386
Benishangul-Gumuz,Kamashi,Sedal Woreda,2016,1720,584,1330,405,3480,546,4541,1731,3075,1306
Benishangul-Gumuz,Kamashi,Zay Woreda,2016,1660,425,1400,288,3150,305,3438,1595,3069,1336
Benishangul-Gumuz,Mao Komo,Mao Komo Special Zone,2016,5360,2714,4060,2534,7680,3460,9869,8431,6416,5792
Benishangul-Gumuz,Metekel,Bulen Woreda,2016,9200,1350,3825,1372,3460,2366,12798,4031,6300,2426
Benishangul-Gumuz,Metekel,Dangur Woreda,2016,6320,1963,4580,1868,3770,3045,5288,5788,6907,3526
Benishangul-Gumuz,Metekel,Dibate Woreda,2016,6700,2023,4765,1858,117240,3572,8562,5726,4165,3606
Benishangul-Gumuz,Metekel,Guba Woreda,2016,1400,552,150,515,1320,602,1531,1671,2056,1000
Benishangul-Gumuz,Metekel,Wembera Woreda,2016,11860,1141,5600,916,41920,1599,7217,3073,4918,2046
Central Ethiopia,East Gurage,Butajira Town,2016,6840,4257,3445,4228,4910,8348,9431,12728,5619,8467
Central Ethiopia,East Gurage,Meskan,2016,8540,4339,4610,4276,9440,7915,10174,12990,6480,8624
Central Ethiopia,East Gurage,Sodo,2016,6480,4949,3345,4618,7730,8900,7217,13819,4487,9327
Central Ethiopia,East Gurage,South Sodo,2016,740,1413,300,1563,530,2781,806,4647,476,3084
Central Ethiopia,Gurage,Abeshge,2016,6460,3015,3505,2959,14960,5451,10806,9004,5357,6038
Central Ethiopia,Gurage,Cheha,2016,6040,4815,4905,4080,7500,7924,10054,12275,6463,8134
Central Ethiopia,Gurage,Endegagn,2016,4340,1729,2260,1797,5070,3542,5460,5401,3145,3587
Central Ethiopia,Gurage,Enor Ener Meger,2016,700,2273,425,2232,1390,4691,114,6716,10,4418
Central Ethiopia,Gurage,Enor,2016,12100,3334,5900,3625,13670,6770,11384,10947,5733,7265
Central Ethiopia,Gurage,Ezha,2016,4560,3438,2050,3364,5120,6475,6128,10106,2678,6742
Central Ethiopia,Gurage,Gedebano Gutazer Welene,2016,1640,3929,1425,4519,2570,8117,3170,13729,2305,9012
Central Ethiopia,Gurage,Geta,2016,4340,3129,1760,3462,4200,6358,3331,10078,2313,6648
Central Ethiopia,Gurage,Gumer,2016,4180,2759,1830,2778,3800,5124,4426,8375,2974,5526
Central Ethiopia,Gurage,Mihurna Aklil,2016,6220,3872,2210,3854,3650,7691,6074,11589,3519,7725
Central Ethiopia,Gurage,Wolkite Town,2016,8680,3000,4135,3093,11250,5722,11731,9200,5474,6059
Central Ethiopia,Hadiya,Ameka,2016,4680,2994,2355,3081,7940,5684,7440,9585,4001,6434
Central Ethiopia,Hadiya,Duna,2016,4700,5531,2145,5324,7950,9701,6662,16169,4393,10700
Central Ethiopia,Hadiya,East Badawacho,2016,5740,4456,1840,4091,13860,7774,7111,13020,4391,8480
Central Ethiopia,Hadiya,Gibe and Homocho,2016,8100,5810,4160,5523,7880,10328,7569,16763,5090,11211
Central Ethiopia,Hadiya,Gombora Health Office,2016,3900,5043,2020,4309,6250,8399,6817,14512,3789,9467
Central Ethiopia,Hadiya,Hosaena Town,2016,6600,4097,7000,5393,6060,16230,9610,20052,5178,11330
Central Ethiopia,Hadiya,Jajura Town,2016,1380,1121,900,1259,2190,2031,2004,3919,1370,2598
Central Ethiopia,Hadiya,Lemo Health Office,2016,22540,6231,10230,5981,20770,10804,24259,18346,13156,12151
Central Ethiopia,Hadiya,Mirab Soro,2016,1940,2123,720,1876,1390,3347,1597,6358,1310,4195
Central Ethiopia,Hadiya,Misha Health Office,2016,4320,3094,2605,3075,4440,5853,6336,9317,4111,6180
Central Ethiopia,Hadiya,Shashego and Bonosha,2016,18000,5001,9040,8773,20980,8725,22272,14893,13812,9718
Central Ethiopia,Hadiya,Shone Town Health Office,2016,2600,2339,900,1994,7560,3133,868,6626,1150,4243
Central Ethiopia,Hadiya,Siraro Badewacho,2016,1900,1749,1630,1772,2940,3239,2933,5189,1959,3509
Central Ethiopia,Hadiya,Soro Health Office,2016,8320,5280,3410,4841,7210,8665,7555,14921,5752,9863
Central Ethiopia,Hadiya,West Badewacho,2016,5860,3213,1450,3231,5130,5456,4830,9698,3325,6224
Central Ethiopia,Halaba,Atoti Ulo Health Office,2016,900,2699,240,2605,430,5373,683,8019,600,5173
Central Ethiopia,Halaba,Halaba Kulito City Administration,2016,16160,1927,9660,2015,11080,3836,18720,5767,12199,3900
Central Ethiopia,Halaba,Wera Dijo,2016,1520,3243,870,3131,2000,5953,933,9673,1120,6408
Central Ethiopia,Halaba,Wera,2016,2120,3095,855,3058,1430,5811,1002,9150,651,6149
Central Ethiopia,Kebena Special,Kebena Special,2016,3900,2316,2375,2334,4320,3968,6213,7008,3627,4578
Central Ethiopia,Kembata,Adilo Zuria,2016,2060,1390,1340,1331,1100,2566,2679,4062,1936,2709
Central Ethiopia,Kembata,Damboya Town and,2016,3760,4075,2215,3946,3770,7844,5490,11813,3850,7881
Central Ethiopia,Kembata,Doyogena Town and,2016,5320,3821,2005,4128,2700,6965,7750,11307,4752,7368
Central Ethiopia,Kembata,Durame Town,2016,2640,1832,1595,2308,1060,3498,4233,5382,2362,3550
Central Ethiopia,Kembata,Hadero Town,2016,1380,1312,925,1159,1340,2021,2564,3780,2085,2469
Central Ethiopia,Kembata,Hadero Tunto Zuriya,2016,5600,3925,2715,3781,5220,7331,8247,11381,4546,7565
Central Ethiopia,Kembata,Kacha Birra,2016,6620,3846,3480,3670,6360,7162,10292,11350,6527,7511
Central Ethiopia,Kembata,Kedida Gamela,2016,2720,2518,1170,2417,2210,4758,2654,7324,1282,4851
Central Ethiopia,Kembata,Shinshicho Town,2016,780,1674,250,1506,910,2070,1100,4905,929,3164
Central Ethiopia,Mareko Special,Mareko Special,2016,8160,3717,6145,3495,8930,6574,9321,11242,5975,7409
Central Ethiopia,Silte,Alicho Werero,2016,5440,4572,2710,4470,6170,8670,6150,13565,4614,8996
Central Ethiopia,Silte,Dalocha and Dalocha Twon,2016,6080,4652,4240,4819,5740,7848,10666,14538,6445,9785
Central Ethiopia,Silte,East Azernet Berbere,2016,5660,2817,2965,2600,4200,4865,4545,7679,3084,5145
Central Ethiopia,Silte,Hulbareg,2016,6720,3492,3340,3561,4290,6671,6096,10296,4657,6886
Central Ethiopia,Silte,Lanfuro,2016,12200,3223,6830,3122,8360,6154,14137,9375,8648,6277
Central Ethiopia,Silte,Sankura and Alemgebya,2016,9100,4950,5300,4925,7530,8624,10505,14396,7951,9658
Central Ethiopia,Silte,Silti,2016,16140,5601,8960,5360,13920,10854,15802,16293,10583,10938
Central Ethiopia,Silte,West Azernet,2016,4260,3059,2140,2976,3440,5809,3599,8804,2586,5861
Central Ethiopia,Silte,Worabe Town,2016,11340,4540,5780,4978,8230,9605,11291,14489,6056,9407
Central Ethiopia,Tembaro Special,Tembaro Special,2016,4540,6018,2525,5737,4850,11048,6459,17238,5116,11329
Central Ethiopia,Yem,Yem Zone,2016,5140,2674,4640,2780,7510,4798,7892,8423,5263,5582
Dire Dawa,Dire Dawa,Addis Ketema Health Center,2016,1360,355,805,486,1520,695,1643,997,1098,981
Dire Dawa,Dire Dawa,Biyo Awale Health Center,2016,2120,1233,1140,1247,1650,2322,2386,2560,1583,2539
Dire Dawa,Dire Dawa,Boren Health Center,2016,1800,433,760,401,1680,459,1627,926,909,993
Dire Dawa,Dire Dawa,Dechatu Health center,2016,1540,652,840,610,2380,1012,1948,1334,1241,1351
Dire Dawa,Dire Dawa,Dilchora General Hospital,2016,3620,2377,1000,478,1370,915,1499,1067,788,1103
Dire Dawa,Dire Dawa,Dire Dawa Health Center,2016,860,359,1030,417,1640,737,1381,941,826,970
Dire Dawa,Dire Dawa,Doctor Abel Melkamu,2016,1000,469,990,680,820,1087,1859,1384,1267,1414
Dire Dawa,Dire Dawa,Gende gerada Health Center,2016,940,821,1360,851,1830,1590,2081,1675,1679,1623
Dire Dawa,Dire Dawa,Goro Health Center,2016,5360,2222,2870,2601,3430,3266,6521,4418,4082,5040
Dire Dawa,Dire Dawa,Jeldessa Health Center,2016,2320,504,1130,484,1920,733,1225,1062,988,1028
Dire Dawa,Dire Dawa,Jello Belina Health Center,2016,2040,941,1355,966,2530,1809,2140,1967,1820,1993
Dire Dawa,Dire Dawa,kalicha Health Center,2016,1040,390,580,417,2070,595,924,831,744,800
Dire Dawa,Dire Dawa,Legaoda Gudunfeta Health Center,2016,1300,280,1255,313,890,601,777,614,600,594
Dire Dawa,Dire Dawa,Legehare Health Center,2016,3220,1236,2165,1403,6870,2140,3475,3114,2472,3217
Dire Dawa,Dire Dawa,Melka Jebdu Health Center,2016,3240,1204,1165,1141,2710,1778,2950,2376,2060,2285
Dire Dawa,Dire Dawa,Melka Kero Health Center,2016,1000,234,490,219,470,425,693,451,475,442
Dire Dawa,Dire Dawa,Sabiyan General Hospital,2016,2420,1755,2320,1489,3480,2255,4927,3141,3247,3295
Dire Dawa,Dire Dawa,Wahil Health Center,2016,1340,703,1315,678,1300,1249,1420,1467,1100,1460
Gambella,Agniwa,Abobo,2016,2200,709,1150,662,1550,952,1650,1963,550,1314
Gambella,Agniwa,Dimma,2016,1400,813,2060,935,12580,1632,2220,3011,1300,1970
Gambella,Gambella Town Admin,Gambella Town,2016,3640,3938,1500,3499,2500,3140,5943,9481,3120,6708
Gambella,Agniwa,Gambella Zuria,2016,5180,361,2900,554,5160,770,5365,1496,3620,1022
Gambella,Agniwa,Gog,2016,1560,332,1010,493,2120,820,1201,1266,1049,814
Gambella,Agniwa,Jor,2016,800,354,375,402,300,644,380,1055,335,782
Gambella,Itang Special,Itang,2016,1540,1408,2060,1800,22840,4149,2730,5285,1350,3481
Gambella,Majang,Godere Woreda,2016,2200,1112,1500,1596,2400,2228,2500,4224,2100,2830
Gambella,Majang,Mengeshi,2016,2320,765,2300,783,13550,2341,2800,2540,1050,1730
Gambella,Nuer,Akobo,2016,1280,1189,850,941,1100,1712,1560,2931,750,2031
Gambella,Nuer,Jikawo,2016,1600,348,1550,448,1700,629,1610,1325,1020,920
Gambella,Nuer,Lare,2016,2180,844,1850,1791,19690,3108,2200,5101,1380,3391
Gambella,Nuer,Makuey,2016,1080,620,1200,914,9170,1265,1350,2555,1010,1801
Gambella,Nuer,Wantawa,2016,1000,1203,1150,1358,1220,1897,1228,3624,763,2542
Harari,Harari,Abadir Woreda,2016,200,111,425,197,1250,366,400,376,340,330
Harari,Harari,Aboker Woreda,2016,640,284,660,356,1230,699,789,716,569,674
Harari,Harari,Amir Nur Woreda,2016,520,305,550,365,1450,728,728,699,526,678
Harari,Harari,Dire Teyara Woreda,2016,1820,1642,1755,1657,3700,3085,3101,3307,1974,3200
Harari,Harari,Erer Woreda,2016,1540,936,880,869,1070,1560,1552,1798,1140,1661
Harari,Harari,Hakim Woreda,2016,2820,1905,1935,1792,3410,2830,3901,3681,2314,3733
Harari,Harari,Jinela Woreda,2016,1360,759,850,858,1380,1583,1676,1768,1353,1748
Harari,Harari,Shenkor Woreda,2016,620,1191,545,1139,1430,1761,973,2334,717,2485
Harari,Harari,Sofi Woreda,2016,1200,1774,755,1768,2790,3250,1025,3589,1069,3529
Oromia,Adama City,Adama City,2016,23020,25525,15650,40244,29350,40264,51764,68212,34321,63557
Oromia,Agaro Town,Agaro Town,2016,4720,1997,3425,3419,6750,3413,7543,5605,4858,5216
Oromia,AmboTown,AmboTown,2016,13060,5893,8595,9616,15630,9324,21890,16636,12377,15809
Oromia,Arsi,Gololcha,2016,12340,5570,8620,8837,10730,8503,17237,15614,11488,14392
Oromia,Arsi,Shanan Kolu,2016,5460,3655,3590,5374,7300,6091,10765,9800,6423,8132
Oromia,Arsi,Merti,2016,7040,5092,6165,8243,7020,7811,12468,14288,8368,13398
Oromia,Arsi,Aseko,2016,7040,4319,4135,7166,7170,7719,9842,12370,6507,11370
Oromia,Arsi,Amigna,2016,5600,3968,3655,6714,7870,7270,8674,11085,5162,10289
Oromia,Arsi,Lode Hetosa,2016,6220,4784,4995,8777,8100,9194,10565,14260,6637,13301
Oromia,Arsi,Bale Gesgar,2016,6180,4412,3685,7078,7310,7250,9181,12512,6016,11547
Oromia,Arsi,Diksis,2016,6760,4309,3765,7411,6460,7228,8978,12238,5648,11508
Oromia,Arsi,Chole,2016,5900,4853,4205,8367,5720,8880,10159,13973,6585,13270
Oromia,Arsi,Robe,2016,10160,9332,6665,15178,11940,16160,17947,26226,11423,24691
Oromia,Arsi,Guna,2016,4560,4008,3605,6825,5270,7171,7742,11622,4933,10920
Oromia,Arsi,Jeju,2016,7020,5259,3960,9386,8630,9363,10361,15637,6636,14672
Oromia,Arsi,Ziway Dugda,2016,6660,5133,4260,8445,6970,8651,9131,14373,6135,13524
Oromia,Arsi,Dodota,2016,4160,3959,2205,6710,4590,6015,7163,11288,4182,10713
Oromia,Arsi,Enkelo Wabe,2016,3740,3042,1805,4774,3000,4311,5143,8195,3818,8002
Oromia,Arsi,Sude,2016,8960,7315,6575,12939,11180,13126,13012,21736,7660,20276
Oromia,Arsi,Ticho,2016,4080,3385,2855,5728,5670,6200,5742,9633,2808,8953
Oromia,Arsi,Limu Bilbilo,2016,13060,10916,7910,18658,9310,19053,18781,31830,12683,29950
Oromia,Arsi,Sirka,2016,9520,9282,6725,15556,11870,16033,15400,26828,9922,24963
Oromia,Arsi,Digeluna Tijo,2016,8180,7435,4525,12852,9740,12875,12314,21726,8342,20258
Oromia,Arsi,Tiyo,2016,4480,4739,2375,8270,4320,8320,6891,13575,4661,12877
Oromia,Arsi,Munesa,2016,8940,9609,4255,15358,7160,15570,13229,26990,9074,25006
Oromia,Arsi,Sire,2016,3080,3754,1500,6528,1650,6570,5203,10940,2817,10196
Oromia,Arsi,Seru,2016,3200,2327,2610,3502,2000,3964,2725,6388,4206,5834
Oromia,Arsi,Hitosa,2016,5360,6976,2665,12332,5240,12398,6827,20644,5342,19493
Oromia,Asela Town,Asela Town,2016,1920,4525,2300,6379,1910,5583,9550,11263,6531,10541
Oromia,Bale,Delo Mena,2016,12560,6674,8930,9771,13690,10166,16399,17660,9745,16618
Oromia,Bale,Goro(b),2016,7280,4575,5135,7481,7410,7934,10806,12384,6948,11492
Oromia,Bale,Agarfa,2016,7400,5394,5215,9622,7400,10241,11368,15657,6969,14642
Oromia,Bale,Berbere,2016,6760,4643,6400,7747,8140,7850,9091,13034,8295,11918
Oromia,Bale,Harena Buluk,2016,7900,5772,5310,9341,52640,9976,11150,16044,7060,16463
Oromia,Bale,Guradamole,2016,2760,2488,1975,3100,3780,3074,3774,5599,2740,5113
Oromia,Bale,Gasera,2016,4180,3854,2320,6774,4290,6857,6888,11162,3442,10423
Oromia,Bale,Dinsho,2016,2220,2181,1245,3669,1770,4067,3476,6400,2489,5936
Oromia,Bale,Sinana,2016,4380,5562,3905,9406,3760,9661,8472,15773,5052,14866
Oromia,Batu Town,Batu Town,2016,5020,7386,4020,11334,8870,10752,10331,19482,6692,18055
Oromia,Bishoftu Town,Bishoftu Town,2016,14560,12897,15440,22023,19940,21750,26500,38154,19590,35626
Oromia,Borena,Dire,2016,3900,2011,2335,3365,3710,3635,5636,5648,3253,5291
Oromia,Borena,Gomole,2016,3900,1551,1880,3251,4100,3393,5050,5439,3300,5082
Oromia,Borena,Yabelo Town,2016,2800,1366,1935,3186,2150,2780,4706,5563,3334,5127
Oromia,Borena,Dubuluk,2016,2640,1266,2265,2306,2260,2328,3297,3962,2515,3696
Oromia,Borena,Dilo,2016,1940,934,1070,1859,2090,1971,2582,3158,1721,3006
Oromia,Borena,Yabelo,2016,3280,1661,2165,3235,1600,3372,4267,5340,3362,4885
Oromia,Borena,Miyo,2016,4600,2562,2275,4748,5180,5105,5802,7800,3817,6996
Oromia,Borena,Taltale,2016,4520,2815,2325,5164,4620,5561,6064,8810,4173,8046
Oromia,Borena,Guchi,2016,1280,1026,715,1545,1250,1668,1361,2619,1302,2410
Oromia,Borena,Elwaye,2016,2360,1981,2655,3525,2360,3810,2245,6076,2817,5654
Oromia,Borena,Moyale,2016,5080,7178,4305,12621,810,12465,4686,21143,4470,19528
Oromia,Bule Hora Town,Bule Hora Town,2016,31820,3031,18530,4771,159840,4488,41538,8561,19996,7646
Oromia,Buno Bedele,Borecha,2016,6100,3733,5955,5970,15240,6589,11744,9925,6502,9295
Oromia,Buno Bedele,Dabo Hana,2016,4180,2147,4115,3516,7050,3561,6569,5816,4465,5501
Oromia,Buno Bedele,Gechi,2016,8360,3723,4945,6484,11480,6715,10118,10830,7011,10154
Oromia,Buno Bedele,Meko,2016,3080,1109,975,1936,3650,2049,3232,3504,2282,2943
Oromia,Buno Bedele,Chewaka,2016,6220,2992,4600,5377,50740,5272,8622,9407,5980,8836
Oromia,Buno Bedele,Dedesa,2016,10680,3978,8225,7084,15220,8072,10489,11999,8208,11042
Oromia,Buno Bedele,Bedele,2016,7680,3650,6855,6143,30010,6813,8829,10257,6900,9516
Oromia,Buno Bedele,Chora,2016,10420,5083,7790,8787,13710,9223,11530,14481,8568,13579
Oromia,Buno Bedele,Dega,2016,3720,1870,2590,3139,2570,2963,3544,5371,2710,5021
Oromia,Buno Bedele,Bedele Town,2016,2160,1421,1510,2432,3100,2388,2834,4296,2154,3863
Oromia,Dodola Town,Dodola Town,2016,17120,11682,10935,19297,20520,18964,29700,32882,15831,30235
Oromia,East Bale,Ginnir Town,2016,4560,2208,2915,3641,5460,3489,6975,6104,3556,5805
Oromia,East Bale,Dawe Serer,2016,3380,1828,2480,3338,2610,3583,5286,5858,3030,5386
Oromia,East Bale,Gololcha,2016,8400,5872,4810,9526,13690,9575,14430,16411,9482,15131
Oromia,East Bale,Dawe Kachen,2016,2320,1987,2625,3483,3290,3379,4403,6030,3358,5732
Oromia,East Bale,Laga Hidha,2016,4820,4953,3490,7204,3710,6886,8476,12225,5423,11157
Oromia,East Bale,Sewena,2016,6100,5103,5890,8154,6380,7880,8094,13603,6106,12887
Oromia,East Bale,Rayitu,2016,2440,2747,1555,4235,1840,3622,3680,7616,2235,7352
Oromia,East Bale,Ginnir,2016,8460,6852,3905,11574,8380,11279,7270,19427,6450,18579
Oromia,East Borena,Gumi Eldalo,2016,2500,817,1650,1222,4180,881,2690,2376,3322,2305
Oromia,East Borena,Das,2016,4420,1131,1955,2057,3570,2224,3830,3391,3314,2981
Oromia,East Borena,Negele Borena Town,2016,3760,3518,2090,5568,3670,5204,8081,9960,4768,9398
Oromia,East Borena,Mada Walabu,2016,8660,4520,6520,8095,9610,7959,11046,13673,7541,12873
Oromia,East Borena,Liben,2016,5700,3446,3005,5373,3180,6643,5174,9147,4000,8622
Oromia,East Borena,West Welabu,2016,2140,2504,1740,5479,3360,5705,4486,8840,2500,8386
Oromia,East Borena,Arero,2016,3380,1900,1060,3451,1850,3029,3106,6203,2631,5829
Oromia,East Borena,Wachile,2016,2260,1192,600,2344,1310,1959,1416,3897,1243,3605
Oromia,East Borena,Goro Dola,2016,3880,3564,2125,8172,3340,9657,4852,13843,3986,13662
Oromia,East Hararge,Haromaya,2016,13300,3295,10190,7081,24350,7135,18603,12056,12606,11383
Oromia,East Hararge,Gursum,2016,11300,6672,9295,11375,22460,12404,20787,18838,11175,17624
Oromia,East Hararge,Jarso,2016,11060,5705,8490,10143,20970,10568,16860,16918,10542,15941
Oromia,East Hararge,Gola Oda,2016,7600,3778,5945,7523,12530,8041,13143,13453,7611,11933
Oromia,East Hararge,Kersa,2016,15020,7224,9750,14667,21710,15130,23950,24516,16687,23250
Oromia,East Hararge,Kurfa Chale,2016,4740,2645,3615,4802,8540,4951,7768,8065,5113,7555
Oromia,East Hararge,Fedis,2016,9580,6468,7305,10799,18000,11947,16821,18869,10646,17584
Oromia,East Hararge,Chinaksen,2016,7040,4713,5295,8371,13250,8444,12310,14000,7267,13217
Oromia,East Hararge,Bedeno,2016,18620,11673,16255,20248,35340,20791,30172,34337,20786,31793
Oromia,East Hararge,Girawa,2016,18220,12006,14675,20910,35950,21994,31256,36068,19444,33196
Oromia,East Hararge,Meta,2016,17000,8559,10555,14817,24120,15316,21705,25148,16642,23565
Oromia,East Hararge,Meye Muluke,2016,4400,2477,3335,5457,8290,5070,8078,9408,4375,8748
Oromia,East Hararge,Babile,2016,6740,3730,5200,6430,12020,6789,8665,10821,6006,10219
Oromia,East Hararge,Melka Bello,2016,12200,8584,11895,16974,24090,17405,22101,28256,14129,26551
Oromia,East Hararge,Midaga Tola,2016,6300,4960,5070,7670,11420,7066,9607,13642,5874,12959
Oromia,East Hararge,Goro Gutu,2016,12780,7350,10420,12920,25060,13101,14789,21594,10217,20317
Oromia,East Hararge,Deder,2016,15380,12832,13300,22681,30670,23982,23434,37188,17582,35367
Oromia,East Hararge,Babile Town,2016,1580,1609,1310,2596,2790,2261,3036,4873,1993,4461
Oromia,East Hararge,Kumbi,2016,2280,1625,1575,2506,3910,13345,3282,5348,2278,4943
Oromia,East Hararge,Goro Muti,2016,5700,3911,4660,6981,8430,7342,6873,11631,5805,10809
Oromia,East Hararge,Kombolcha,2016,10620,7586,7335,13413,13910,13805,12870,22714,10285,21176
Oromia,East Hararge,Mekanisa Oromo,2016,500,731,415,1735,690,1710,752,2762,501,2689
Oromia,East Shewa,Adama,2016,10440,2166,6275,3895,12120,4059,18862,6376,11092,6003
Oromia,East Shewa,Lume,2016,8200,3292,5235,5926,8380,5934,15493,9941,8802,9239
Oromia,East Shewa,Dugda,2016,13000,9018,8075,14671,46960,14124,22903,25320,13919,23720
Oromia,East Shewa,Adaa,2016,3900,2408,3740,4192,6420,4485,6114,7032,4570,6573
Oromia,East Shewa,Akaki,2016,1660,768,1040,1414,1800,1466,1515,2297,1081,2197
Oromia,East Shewa,Adami Tulu Jido Kombolcha,2016,12380,6555,6465,11209,9410,11368,11307,18921,8262,17849
Oromia,East Shewa,Fentale,2016,4760,4700,4130,7972,4060,7982,7241,13789,5500,12870
Oromia,East Shewa,Boset,2016,5180,6711,3625,11951,4930,12723,8488,20252,6247,19038
Oromia,East Shewa,Bora,2016,2460,3752,995,6208,2010,6265,3765,10283,2678,9631
Oromia,East Shewa,Gimbichu,2016,5520,3689,2495,6773,4450,6675,4081,11147,3121,10554
Oromia,East Shewa,Liben,2016,2740,4006,2575,6804,1910,7059,3872,11385,2570,11016
Oromia,East Wellega,Ebantu,2016,4800,1230,5680,2550,7870,2209,8664,3794,5917,3563
Oromia,East Wellega,Nunu Kumba,2016,5980,2698,5465,5085,8600,6133,8651,8288,5560,7815
Oromia,East Wellega,Kiramu,2016,7700,2805,5345,5111,19790,4803,8282,8335,4463,8096
Oromia,East Wellega,Wama Hagalo,2016,5000,2770,4070,4354,8010,4070,7686,7955,5765,6878
Oromia,East Wellega,Sibu Sire,2016,7800,5120,6650,8826,26460,8039,14663,15346,10479,14422
Oromia,East Wellega,Haro Limu,2016,3600,2738,3945,4312,19870,5761,7438,7865,4943,7150
Oromia,East Wellega,Sasiga,2016,5400,3797,6860,6672,12640,6233,10329,11381,7044,10670
Oromia,East Wellega,Jima Arjo,2016,5360,3870,6345,6769,12540,6474,8999,11658,7469,10517
Oromia,East Wellega,Wayu Tuqa,2016,4700,4285,3610,5919,40640,6248,7502,10118,4833,9367
Oromia,East Wellega,Gida Ayana,2016,12700,6382,10470,10256,87190,10043,12901,17718,10876,16443
Oromia,East Wellega,Boneya Boshe,2016,8680,2795,10040,4821,6510,4387,5714,7954,5175,7523
Oromia,East Wellega,Gudeya Bila,2016,3840,2678,2385,4292,19010,4381,5250,7347,3566,6905
Oromia,East Wellega,Gobu Seyo,2016,2000,1483,2035,2643,4110,2762,2913,4152,1897,3957
Oromia,East Wellega,Limu,2016,5400,4404,6070,7298,28690,7380,8049,13710,7591,12134
Oromia,East Wellega,Guto Gida,2016,6360,4230,4155,7532,9170,7306,7311,12594,3544,11757
Oromia,East Wellega,Diga,2016,2100,3665,3475,5943,5440,6115,4895,10288,3668,9426
Oromia,East Wellega,Leka Dulecha,2016,4600,3459,7190,6339,46240,6350,4645,10437,3337,9892
Oromia,Guji,Wadara,2016,3780,1593,3550,1834,3570,1735,5600,4181,4171,3596
Oromia,Guji,Girja,2016,5900,1910,3160,4284,9560,4074,8296,7329,5111,6591
Oromia,Guji,Saba Boru,2016,4940,1493,2590,2482,2730,2707,7034,6281,3700,5029
Oromia,Guji,Aga Wayu,2016,3700,1586,1975,2899,3730,3015,5460,5358,2627,4690
Oromia,Guji,Uraga,2016,14040,5681,8695,10922,15820,9746,18065,18527,13870,17059
Oromia,Guji,Dama,2016,6260,2764,4045,4741,6230,5033,7767,7995,5494,7453
Oromia,Guji,Haro Wolabu,2016,5580,2910,3475,3374,6590,5618,8754,9200,6463,6271
Oromia,Guji,Ana Sora,2016,5680,3240,3310,4667,4200,4322,8161,8721,4611,7506
Oromia,Guji,Adola Town,2016,4620,2456,3115,4510,4110,4246,7203,7964,4725,7322
Oromia,Guji,Arda Jila Me`e Boko,2016,3040,1209,1710,1561,3810,1895,3980,4471,1947,3300
Oromia,Guji,Odo Shakiso,2016,10540,4920,5680,8712,11570,9333,13568,15365,8637,14158
Oromia,Guji,Adola Rede,2016,12620,5942,6915,9253,11270,9625,15255,17912,9944,16164
Oromia,Guji,Bore,2016,10460,6359,5220,10483,9830,12203,11374,18369,8474,16494
Oromia,Holeta Town,Holeta Town,2016,7380,4342,4295,6616,5570,6396,10548,11296,6303,10457
Oromia,Horo Guduru Wollega,Shambu Town,2016,9100,1420,5145,1918,9590,2108,10581,3590,8426,3175
Oromia,Horo Guduru Wollega,Amuru,2016,4000,2488,5175,4605,7250,4218,7514,7833,3842,6357
Oromia,Horo Guduru Wollega,Abay Chomen,2016,6340,2021,5350,3516,6360,3689,5464,6357,3311,5487
Oromia,Horo Guduru Wollega,Chomen Guduru,2016,2540,1694,1805,2699,3620,2666,3509,4597,2511,4264
Oromia,Horo Guduru Wollega,Abe Dengoro,2016,4000,3986,5250,7181,8550,7383,8931,12106,5907,11290
Oromia,Horo Guduru Wollega,Hababo Guduru,2016,2700,2193,1375,3340,4200,3342,4163,6253,2743,5666
Oromia,Horo Guduru Wollega,Jardga Jarte,2016,3040,1949,1995,3823,4880,3626,3813,6106,3151,5267
Oromia,Horo Guduru Wollega,Jimma Rare,2016,3840,3149,3150,5445,6080,5479,4000,8984,3754,8487
Oromia,Horo Guduru Wollega,Horo Bulluk,2016,1800,1592,1865,3209,4920,3103,2387,5604,2084,4601
Oromia,Horo Guduru Wollega,Jimma Geneti,2016,5300,3371,2605,5724,5770,5949,3620,9655,3312,9123
Oromia,Horo Guduru Wollega,Horo,2016,1600,1488,1635,2801,1980,2487,1710,4646,1505,3985
Oromia,Horo Guduru Wollega,Guduru,2016,1600,3781,2625,5963,4860,6000,3618,10013,3096,9045
Oromia,Ilu Aba Bora,Sale Nono,2016,4180,878,2880,1508,2810,1554,3900,2565,2288,2421
Oromia,Ilu Aba Bora,Doreni,2016,3920,861,2100,1603,3710,1681,3298,2699,2584,2474
Oromia,Ilu Aba Bora,Halu,2016,2140,548,1550,881,1670,997,1848,1544,1640,1438
Oromia,Ilu Aba Bora,Ale,2016,4900,1308,2135,2519,3570,2514,4830,4198,3130,4074
Oromia,Ilu Aba Bora,Hurumu,2016,3420,1176,2485,2358,2780,2414,3659,3910,2605,3702
Oromia,Ilu Aba Bora,Didu,2016,2980,1239,2060,2136,2810,2109,3345,3595,2277,3428
Oromia,Ilu Aba Bora,Yayo,2016,6680,2331,4830,3718,7960,4005,5980,6567,5115,6066
Oromia,Ilu Aba Bora,Bilo Nopha,2016,2440,921,2135,1722,1810,1781,2546,2875,2091,2684
Oromia,Ilu Aba Bora,Bure,2016,6820,2113,3685,3894,4780,4086,5318,6333,4170,6019
Oromia,Ilu Aba Bora,Darimu,2016,16140,7474,8950,13709,18840,14378,18859,22662,13628,21135
Oromia,Ilu Aba Bora,Alge Sachi,2016,7340,3881,5120,6894,7370,6957,8779,11443,5835,10844
Oromia,Ilu Aba Bora,Becho,2016,3600,1519,3420,3093,3380,3075,3615,5232,3171,4934
Oromia,Jimma,Dedo,2016,25680,9105,21400,16399,40810,16590,39034,26310,27635,24944
Oromia,Jimma,Nono Benja,2016,8780,3163,5805,5178,25680,4394,9975,8908,7316,8158
Oromia,Jimma,Chora Botor,2016,9320,2975,7260,5385,10060,5632,9628,8787,6288,8257
Oromia,Jimma,Gomma,2016,24800,11134,16740,20000,39400,20690,35463,33396,23199,31526
Oromia,Jimma,Setema,2016,11920,5343,8885,9834,20670,10109,16821,16392,10550,15281
Oromia,Jimma,Gera,2016,11920,5542,7320,10209,19240,11066,17190,17003,11242,15888
Oromia,Jimma,Sokoru,2016,12000,6569,9865,12102,17220,12752,19047,19923,11580,18790
Oromia,Jimma,Omo Nada,2016,18800,8350,12450,16386,24290,17024,27410,28726,17216,25989
Oromia,Jimma,Mana,2016,16440,7519,11015,13280,20840,14119,20907,22537,12668,20832
Oromia,Jimma,Seka Chekorsa,2016,21760,11148,17295,21603,37540,18984,30222,32703,19286,29554
Oromia,Jimma,Sigmo,2016,9060,5153,6275,8737,15000,8918,13399,14784,7742,13558
Oromia,Jimma,Limu Kosa,2016,15160,8882,12095,14181,22310,16222,20463,24429,13784,22301
Oromia,Jimma,Tiro Afeta,2016,12320,7051,7775,12704,15050,11162,17346,21203,10407,19603
Oromia,Jimma,Botor Tolay,2016,5700,3387,3560,6245,7210,5975,8252,10138,4998,9560
Oromia,Jimma,Kersa,2016,13660,9555,10665,16927,22690,17354,20282,28257,12136,26477
Oromia,Jimma,Omo Beyem,2016,8140,5966,5065,9580,12350,10171,11481,16438,7756,15320
Oromia,Jimma,Shabe Sombo,2016,8320,5509,6705,9983,14430,11002,11981,17465,8093,15234
Oromia,Jimma,Gumay,2016,6060,3397,3625,5886,6550,6252,6342,9918,4090,9303
Oromia,Jimma,Limu Seka,2016,4680,6614,3475,11489,4130,11517,5423,19509,3377,18215
Oromia,Jimma Town,Jimma Town,2016,23120,9509,12720,16845,22460,14960,29428,27742,20768,25672
Oromia,Kelem Wellega,Dambi Dollo,2016,8900,2084,5910,3511,9680,2959,10369,6043,6460,5657
Oromia,Kelem Wellega,Gidami,2016,7100,4112,5490,6828,11020,7320,13268,11568,9664,10749
Oromia,Kelem Wellega,Sadi Chanka,2016,4300,1699,2035,2941,5470,3158,4693,5073,3429,4739
Oromia,Kelem Wellega,Gawo Kebe,2016,4700,4149,4995,5626,6160,6706,8384,11983,6235,9636
Oromia,Kelem Wellega,Lalo Kile,2016,3800,2030,1725,3608,3190,3590,4020,5908,2937,5423
Oromia,Kelem Wellega,Yemalogi Welel,2016,4600,2291,2595,3586,26340,3692,4109,6152,4086,5554
Oromia,Kelem Wellega,Hawa Gelan,2016,5500,4582,4740,7503,68270,7663,8235,12989,6319,11258
Oromia,Kelem Wellega,Dale Sadi,2016,4200,3299,3855,5692,6090,5964,5611,9394,4952,8688
Oromia,Kelem Wellega,Seyo,2016,5200,5398,5050,9125,11520,8754,7961,15297,5141,14221
Oromia,Kelem Wellega,Anfilo,2016,4500,2744,3545,5573,6570,6679,4489,9504,3836,8972
Oromia,Kelem Wellega,Dale Wabera,2016,4800,3562,2230,6305,5250,6697,4552,10237,3565,9575
Oromia,Kelem Wellega,Jimma Horo,2016,3600,1879,2220,3402,5240,3092,2007,5699,2434,5265
Oromia,Maya Town,Maya Town,2016,5980,10010,4815,20155,11450,20422,9407,33827,6426,31391
Oromia,Metu Town,Metu Town,2016,9200,4215,4815,6856,6050,6985,10099,12092,7429,11255
Oromia,Nedjo Town,Nedjo Town,2016,2560,1395,1640,2446,2090,2555,3709,4301,2310,3913
Oromia,Nekemte Town,Nekemte Town,2016,16060,5152,18455,9683,24200,9367,29359,16499,21762,15165
Oromia,North Shewa,Kimbibit,2016,8100,3367,4065,6111,6450,6048,8994,9983,7026,9317
Oromia,North Shewa,Abichu Gnea,2016,6220,3860,3215,6462,5120,6621,9515,10890,6840,10208
Oromia,North Shewa,Jida,2016,3880,2545,2405,4192,1850,4210,5887,7411,3938,6799
Oromia,North Shewa,Wuchale,2016,7000,4732,6075,7809,8980,7919,10588,13764,7840,12700
Oromia,North Shewa,Debre Libanos,2016,3360,1763,1825,3135,1300,3071,3869,5129,2407,4643
Oromia,North Shewa,Fitche Town,2016,4420,2513,2310,4356,4670,4070,5348,7326,4244,6678
Oromia,North Shewa,Berek,2016,2600,1739,1435,3097,1610,3351,3658,5158,2344,4862
Oromia,North Shewa,Sululta,2016,6180,5927,6415,10008,6930,11740,10366,16935,6919,15835
Oromia,North Shewa,Yaya Gulele,2016,4100,2364,1640,4129,710,4252,4183,7033,3268,6563
Oromia,North Shewa,Mulo,2016,2140,1817,1330,3006,2210,3033,3079,5287,2341,4998
Oromia,North Shewa,Kuyu,2016,7500,6050,5045,10149,7400,9375,10048,17641,6938,16433
Oromia,North Shewa,Aleltu,2016,3460,2435,1960,3744,2670,3993,3582,6841,2896,6004
Oromia,North Shewa,Hidabu Abote,2016,4460,3985,2290,6909,100,7153,5818,11360,4140,10825
Oromia,North Shewa,Girar Jarso,2016,2940,3303,1570,5747,3900,5846,4354,9608,3040,8941
Oromia,North Shewa,Degem,2016,5260,3473,2000,6087,1740,5529,4569,10164,3633,9620
Oromia,North Shewa,Derra,2016,4880,8484,2935,15497,8140,14947,7976,24765,5278,22624
Oromia,North Shewa,Were Jarso,2016,6100,5714,2460,10327,5910,10772,4042,16861,4144,16026
Oromia,Robe Town,Robe Town,2016,14780,8678,12310,15472,16230,15182,23934,26071,13579,24510
Oromia,Sendafa Bake Town,Sendafa Bake Town,2016,2280,2051,2645,3322,5950,3642,7608,6400,5113,5825
Oromia,Shakiso Town,Shakiso Town,2016,4500,2154,2545,3673,2670,3057,7623,6698,5200,6175
Oromia,Shashemene Town1,Shashemene Town1,2016,36360,27057,24425,46135,43250,46187,60387,79438,34981,72256
Oromia,Sheger City,Sabata Sub-City,2016,13120,3855,8780,6859,17940,6169,27266,11784,17034,11111
Oromia,Sheger City,Galan Sub City,2016,3560,2211,3930,4380,5810,4490,8459,7538,5034,7121
Oromia,Sheger City,Sululta Sub-City,2016,4160,2573,2070,5289,880,5442,9465,9029,6559,8539
Oromia,Sheger City,Koye Feche Sub City,2016,4780,3653,4220,8625,6440,8890,12565,14387,7450,13553
Oromia,Sheger City,Laga Tafo Laga Dadhi Sub City,2016,3140,2310,2700,5752,2270,5445,7878,9431,4961,8850
Oromia,Sheger City,Burayu Sub City,2016,15060,10752,8725,20317,17340,18559,27944,33804,30918,30918
Oromia,Sheger City,Kura Jida Sub City,2016,3900,2231,2050,4105,1540,4205,5149,6851,3309,6479
Oromia,Sheger City,Malka Nono Sub City,2016,2440,2442,1635,5151,3510,5157,6571,9157,4544,8479
Oromia,Sheger City,Mana Abichu Sub City,2016,3640,1455,2570,3202,2210,2742,3248,5283,2250,5099
Oromia,Sheger City,Furi Sub City,2016,3760,5348,3255,10816,6850,10670,10052,17654,6518,16510
Oromia,South West Shewa,Tole,2016,8520,2792,3930,4709,5760,4433,7962,8324,4632,7532
Oromia,South West Shewa,Ilu,2016,2940,2341,1255,3956,950,4251,5193,6468,3024,6090
Oromia,South West Shewa,Becho,2016,6740,3919,3225,6406,3960,6188,7769,11019,4043,10260
Oromia,South West Shewa,Dawo,2016,5240,3738,2825,6360,3470,6297,7361,10947,5084,10208
Oromia,South West Shewa,Sebeta Hawas,2016,3700,3016,2025,4777,2450,4847,5546,8687,3551,7853
Oromia,South West Shewa,Sodo Dachi,2016,2720,1742,1275,2873,1050,2872,3053,4929,2073,4628
Oromia,South West Shewa,Goro,2016,2940,2300,1550,3932,3710,4196,3728,6576,2442,6173
Oromia,South West Shewa,Saden Sodo,2016,5020,3913,2325,6608,3020,6757,5911,11107,3459,10454
Oromia,South West Shewa,Woliso,2016,8180,9391,4840,14973,7730,14967,10957,24765,5674,22974
Oromia,South West Shewa,Wonchi,2016,5260,4723,2435,8095,1510,8022,6013,13660,3612,12757
Oromia,South West Shewa,Kersa Mamila,2016,2940,4206,1595,7303,960,6494,4988,12945,2942,11683
Oromia,South West Shewa,Amaya,2016,4680,5102,2010,8891,2190,7892,5098,15042,4141,14193
Oromia,West Arsi,Arsi Negele Town,2016,17600,6787,7265,10544,17390,8608,24221,19636,22527,19258
Oromia,West Arsi,Gedeb Hasasa,2016,16780,10015,7540,18360,114720,18670,21680,30455,11818,27965
Oromia,West Arsi,Kofele,2016,15960,9282,6515,15625,10870,17103,19248,27262,12482,25041
Oromia,West Arsi,Shala,2016,13700,8062,6215,13176,9150,14963,15212,22338,10409,20694
Oromia,West Arsi,Kore,2016,9640,7029,5615,12370,9110,12903,13549,20378,8388,18969
Oromia,West Arsi,Adaba,2016,10780,8407,5735,14781,88580,15498,16193,24849,10570,23307
Oromia,West Arsi,Kokosa,2016,12720,9004,9930,12962,12780,14355,16453,25665,10242,22062
Oromia,West Arsi,Siraro,2016,11880,7988,7570,13502,76770,13317,14816,23122,10586,21506
Oromia,West Arsi,Wondo,2016,5280,3808,2730,6800,5400,11730,6511,11090,2813,10511
Oromia,West Arsi,Nansebo,2016,14280,7037,14840,12183,14490,11856,11286,20331,9208,18949
Oromia,West Arsi,Heben Arsi,2016,2720,3046,1515,5024,3070,5410,3836,8464,2532,7775
Oromia,West Arsi,Arsi Negele Rural,2016,2180,7955,810,13917,1850,14466,3230,23291,1365,21544
Oromia,West Guji,Suro Barguda,2016,3740,1577,2150,2828,35190,2969,6531,4690,3605,4288
Oromia,West Guji,Gelana,2016,6280,3450,5475,5472,45210,5940,9805,9618,6593,8839
Oromia,West Guji,Kercha,2016,7920,6773,2920,11484,7300,11276,12210,19319,5573,18262
Oromia,West Guji,Hambela Wamena,2016,10640,7524,5740,11791,69430,11801,13012,21259,8650,19574
Oromia,West Guji,Abaya,2016,5280,5403,4940,9220,60030,9494,9127,16199,5577,15068
Oromia,West Guji,Birbirsa Kojowa,2016,2920,2796,1515,4637,3410,4051,4226,8387,2873,7754
Oromia,West Guji,Dugda Dawa,2016,4220,4282,4660,7295,48040,7912,5997,12642,4467,11750
Oromia,West Guji,Kercha Town,2016,1100,1943,840,2689,2130,2406,2198,5046,1348,4560
Oromia,West Guji,Melka Soda,2016,2120,3088,1680,3904,2100,3793,2822,7501,1580,5912
Oromia,West Guji,Bule Hora,2016,3620,13828,2135,18499,4010,18051,6372,32637,3226,30792
Oromia,West Hararge,Chiro Town,2016,35660,10000,30235,18183,55110,17751,46630,32101,30464,29103
Oromia,West Hararge,Anchar,2016,7160,4046,7370,7111,17150,7583,12820,11779,8326,11067
Oromia,West Hararge,Gumbi Bordode,2016,7000,3587,6330,6768,12880,6249,11687,11029,7515,10370
Oromia,West Hararge,Burka Dhintu,2016,5940,2891,5100,5588,10230,5328,10571,9978,5789,9147
Oromia,West Hararge,Daro Lebu,2016,12960,6858,12370,12589,22900,12096,21964,21277,14143,20001
Oromia,West Hararge,Oda Bultum,2016,13960,7893,13995,14107,30330,15031,24310,23708,14696,22205
Oromia,West Hararge,Mesela,2016,12960,6861,12580,13938,23560,13664,23199,23296,14219,21910
Oromia,West Hararge,Hawi Gudina,2016,6660,3701,5930,6900,11890,6568,11811,12015,8001,11260
Oromia,West Hararge,Guba Qoricha,2016,7960,4946,7495,8993,17200,9549,14572,14954,9967,14032
Oromia,West Hararge,Gemechis,2016,15660,8075,14000,16586,31510,17411,26516,27363,15210,25949
Oromia,West Hararge,Tulo,2016,14760,7646,12610,14410,25260,13829,23390,24221,13449,22815
Oromia,West Hararge,Boke,2016,10420,5692,9550,10176,21450,10063,16707,17318,11476,16171
Oromia,West Hararge,Habro,2016,16540,9305,16130,16803,36100,18488,28991,30067,17511,27566
Oromia,West Hararge,Doba,2016,11940,6215,11610,12156,22120,12744,19675,20529,12222,19361
Oromia,West Hararge,Mieso,2016,10340,5128,8210,9930,19080,10392,14956,16440,10080,15309
Oromia,West Hararge,Bedesa,2016,2980,1519,2425,3120,4220,2915,4555,5778,3103,5406
Oromia,West Shewa,Ilu Galan,2016,8600,2879,4690,4496,9690,4707,11941,8308,8548,7398
Oromia,West Shewa,Walmara,2016,9900,3096,5525,5437,10310,5596,12756,9103,8517,8500
Oromia,West Shewa,Ejersa Lafo,2016,12920,3647,5795,6404,11230,6564,12390,10567,8570,10048
Oromia,West Shewa,Elfata,2016,4820,2554,2450,4519,6840,4516,7084,7461,3826,7048
Oromia,West Shewa,Bako Tibe,2016,13100,7053,9380,12229,27800,12867,19011,20794,12631,19278
Oromia,West Shewa,Dendi,2016,11660,6603,5525,11469,9460,12024,15286,19456,9120,18190
Oromia,West Shewa,Jibat,2016,6660,2695,3380,4338,40670,4478,5723,7473,7404,6968
Oromia,West Shewa,Mida Kegni,2016,5900,4217,4425,6553,54290,6109,7978,11381,5204,10716
Oromia,West Shewa,Nonoo,2016,7520,3786,3575,6561,9280,6635,8002,11524,4718,10943
Oromia,West Shewa,Meta Robi,2016,6780,4028,3160,7236,6020,7208,8274,11925,5368,11316
Oromia,West Shewa,Gindebert,2016,9220,5351,4465,9213,7140,9092,10370,15419,6923,14687
Oromia,West Shewa,Ada Berga,2016,8420,6818,5475,11883,75110,12192,11599,19908,8822,18467
Oromia,West Shewa,Jeldu,2016,8680,7714,4220,13182,93490,12051,12526,22195,7051,20672
Oromia,West Shewa,Dire Enchini,2016,6500,3853,3800,6621,10960,7079,6321,11309,4601,10456
Oromia,West Shewa,Liban Jawi,2016,4560,3067,3185,5423,8140,5651,5043,9116,5194,8485
Oromia,West Shewa,Toke Kutaye,2016,5940,5325,4065,8883,6910,8931,7490,15086,5499,14070
Oromia,West Shewa,Chobi,2016,1920,2163,1120,3449,2710,3229,2741,6002,1569,5615
Oromia,West Shewa,Chelia,2016,4960,4437,4285,7147,7680,7480,5142,12415,4268,11569
Oromia,West Shewa,Dano,2016,5940,5803,4700,9851,9340,9725,7263,17554,4881,16083
Oromia,West Shewa,Abuna Gindeberet,2016,5640,3090,3465,6322,7790,6480,4038,10360,4746,10108
Oromia,West Shewa,Ejere,2016,2780,4752,1280,8161,1900,8509,3168,13559,1803,12778
Oromia,West Shewa,Ambo,2016,860,4459,1165,7076,7387,7387,2785,12323,1680,11641
Oromia,West Shewa,Meta Welkite,2016,3640,3026,1640,4992,4690,5072,987,8667,1115,8109
Oromia,West Wollega,Gimbi Town,2016,24780,1421,22070,1920,35200,2152,28213,3695,16713,3286
Oromia,West Wollega,Qondala,2016,11040,4164,5690,4533,9370,5665,13500,11936,9942,8956
Oromia,West Wollega,Gimbi Rural,2016,2000,2939,19260,4600,64970,4829,7704,7840,9631,7323
Oromia,West Wollega,Lalo Asabi,2016,3800,3535,5075,5803,8010,6179,7230,9991,6374,9561
Oromia,West Wollega,Seyo Nole,2016,2400,2004,1700,4071,900,3891,4950,6967,2900,6453
Oromia,West Wollega,Kiltu Kara,2016,3200,2810,2400,4453,4400,4754,5150,7421,3075,6989
Oromia,West Wollega,Mene Sibu,2016,7500,6099,4625,10048,5760,9836,11702,17887,7779,16755
Oromia,West Wollega,Babo Gembel,2016,4360,2683,3280,4994,2450,5151,5346,8324,4600,7763
Oromia,West Wollega,Begi,2016,8040,6238,5855,11194,10930,12304,12832,20031,9522,18181
Oromia,West Wollega,Yubdo,2016,1800,1426,2235,2291,3590,2687,2609,4087,1788,3634
Oromia,West Wollega,Nole Kaba,2016,2300,1801,1125,2969,2250,6597,2825,5199,2310,4598
Oromia,West Wollega,Boji Choqorsa,2016,3000,1788,2275,3104,2350,3198,2535,5336,2200,4991
Oromia,West Wollega,Ayira,2016,2440,2559,3060,4259,3840,4394,3458,7341,2129,6978
Oromia,West Wollega,Ganji,2016,3100,4482,3175,7511,3300,7237,5800,12502,3925,11789
Oromia,West Wollega,Haru,2016,1300,2526,750,4242,1750,4419,3225,7250,1425,6412
Oromia,West Wollega,Boji Dirmeji,2016,1700,1447,1570,2342,880,2476,1843,4231,1350,3816
Oromia,West Wollega,Guliso,2016,2400,2663,3585,5142,5850,5294,3520,8680,3917,8099
Oromia,West Wollega,Leta Sibu,2016,1500,1636,975,2612,900,2959,1500,4729,1200,4071
Oromia,West Wollega,Jarso,2016,800,2118,400,3338,400,3206,1300,5546,850,5082
Oromia,West Wollega,Homa,2016,700,1344,600,2420,900,2605,900,4072,600,3804
Oromia,West Wollega,Nedjo Rural,2016,1500,3465,600,6084,1150,6444,1390,10003,1100,9429
Oromia,Woliso Town,Woliso Town,2016,6840,1878,3460,4094,4780,3733,10366,6728,6682,6279
Sidama,southern,Aleta Chuko Town,2016,1740,1832,1360,1782,3990,3330,3900,5411,2225,3563
Sidama,southern,Aleta Chuko,2016,10160,5696,3215,5802,7670,11655,10001,17661,6183,11519
Sidama,southern,Aleta Wondo Town,2016,2760,1902,965,1721,1830,2975,3770,5361,1945,3599
Sidama,southern,Aleta Wondo,2016,7440,7125,5295,6846,79730,13084,11966,21063,8550,13622
Sidama,Centeral,Arbegona,2016,7620,5592,5185,5359,11190,9896,8513,16362,5547,10729
Sidama,Easter,Aroressa,2016,5660,4023,3145,3580,5990,6753,8635,10983,4856,7250
Sidama,Easter,Bensa,2016,8620,5324,4715,5175,81180,9850,10673,15714,5438,10323
Sidama,Northern,Bilate Zuria,2016,5220,5037,3220,4743,5540,9133,6344,14490,4725,9698
Sidama,Easter,Bona Zuria,2016,7580,5653,3815,5429,8540,10526,8549,16598,6088,11085
Sidama,Northern,Borricha,2016,4640,4434,2015,4223,13300,8513,4646,13245,3175,8739
Sidama,Easter,Bura,2016,2800,1770,1680,1546,2260,2902,2589,4824,1461,3215
Sidama,southern,Bursa,2016,3240,3350,1745,3357,3630,6413,3092,10223,2110,6774
Sidama,Easter,Chabe Gambeltu,2016,2200,3163,1650,2794,4800,5021,4084,8654,2391,5712
Sidama,Easter,Chire,2016,4500,4208,3935,4055,4010,7126,8720,12500,4130,8268
Sidama,southern,Chirone,2016,1960,1774,815,1699,2670,3215,2469,5171,1728,3465
Sidama,Easter,Daela,2016,1840,1715,800,1746,1400,3195,2000,5301,1300,3486
Sidama,Centeral,Dale,2016,10000,8782,5995,8309,9790,16052,12637,25388,7638,16926
Sidama,southern,Dara Otilcho,2016,3500,3903,1765,3832,2630,7638,4169,11513,3058,7665
Sidama,southern,Dara,2016,6020,4035,3615,3985,7740,7738,7850,12306,4620,8017
Sidama,Centeral,Darara,2016,4240,3990,2515,3799,3690,7232,5619,11691,3639,7762
Sidama,Easter,Daya Town,2016,2220,3483,840,3340,1550,6513,3510,10169,2370,6586
Sidama,Northern,Gorche,2016,6860,4704,4525,4523,58110,8538,8519,13796,6195,8959
Sidama,Hawassa city administration,Hawassa Town,2016,69800,16096,36675,12448,219850,24438,97932,37127,42031,24520
Sidama,Northern,Hawassa Zuriya,2016,69800,6630,36675,6163,219850,9951,97932,19097,42031,12588
Sidama,Northern,Hawella,2016,8520,3530,5250,3496,70230,6598,10378,10503,6714,7024
Sidama,Easter,Hoko,2016,4700,3424,2735,3285,3880,6433,3935,10365,2971,6709
Sidama,southern,Hulla,2016,2400,3831,1315,3651,51540,6844,6323,11073,3220,7344
Sidama,Northern,Leku Town,2016,4560,0,2480,0,6710,0,7408,0,4284,0
Sidama,Centeral,Loka Abaya,2016,1620,3514,1875,3393,3240,6334,3390,10640,2850,6962
Sidama,Northern,Melga,2016,6120,5490,2845,5390,6200,10100,6606,16680,4127,10928
Sidama,Centeral,Shafamo,2016,6020,2484,3680,2291,63650,4306,6972,6912,4412,4584
Sidama,Northern,Shebedino,2016,4460,6894,3375,6634,3760,12927,3596,19956,2160,13294
Sidama,southern,Teticha,2016,7780,2735,4690,2591,7060,4891,9642,7905,6101,5264
Sidama,Hawassa city administration,Tula,2016,3120,7784,2730,6883,3330,11879,3379,20718,2752,13656
Sidama,Centeral,Wensho,2016,3220,4473,3155,4192,50920,8205,5038,12944,3152,8624
Sidama,Northern,Wondogenet Town,2016,2840,2203,3225,2178,57540,4196,5400,6612,3600,4439
Sidama,Northern,Wondogenet,2016,4640,5136,2890,4911,4860,9224,6473,14972,4712,10027
Sidama,Centeral,Yirgalem Town,2016,3980,2941,1905,2825,3710,4845,6111,8855,3406,5906
South Ethiopia,Ale,Ale,2016,5060,3478,5340,3611,25620,8073,10370,12237,8426,7930
South Ethiopia,Ari,Baka Dawula,2016,2760,1648,1805,1474,4550,2732,3362,4383,3025,2929
South Ethiopia,Ari,Jinka Town,2016,8700,2115,4385,2028,8830,3649,5267,6032,5300,3811
South Ethiopia,Ari,North Ari,2016,560,2419,975,2618,2000,5433,2411,9068,3113,5591
South Ethiopia,Ari,South Ari,2016,8940,6335,7795,5887,22760,10910,12036,17882,10369,11869
South Ethiopia,Basketo,Basketo,2016,3540,2405,3425,2289,4120,3686,4491,7910,3920,4867
South Ethiopia,Burji,BurjI,2016,5360,2901,4500,2733,9800,4107,7726,8670,6377,5787
South Ethiopia,Gamo,Arbaminch Town,2016,14680,3544,10610,3478,27480,6649,18475,10397,14702,6849
South Ethiopia,Gamo,Arbaminch Zuria,2016,4920,4264,3760,4049,6680,7394,7941,12389,5878,8056
South Ethiopia,Gamo,Bonke,2016,5020,2310,3900,2247,9670,4409,7869,6776,6326,4479
South Ethiopia,Gamo,Boreda,2016,4240,2972,4200,2977,7820,5383,8188,8943,6223,5935
South Ethiopia,Gamo,Chencha,2016,5280,4515,4425,4410,8570,7955,10702,13542,7977,8954
South Ethiopia,Gamo,Deramalo,2016,7620,4172,4415,3814,13270,7479,9349,11907,8267,7557
South Ethiopia,Gamo,Dita,2016,5660,4066,4385,4023,9360,7707,10927,12191,8196,8089
South Ethiopia,Gamo,Gacho Baba,2016,3720,3390,3540,3081,8230,6433,8087,9791,6551,6545
South Ethiopia,Gamo,Garda Marta,2016,2940,1987,2085,1811,5000,3616,4946,5777,3894,3763
South Ethiopia,Gamo,Gerese Town,2016,6960,1189,4085,1095,13180,2171,9655,3434,7703,2286
South Ethiopia,Gamo,Kemba Town,2016,1240,898,720,759,2980,1392,2174,2399,1832,1442
South Ethiopia,Gamo,Kemba Zuria,2016,7780,3981,4860,3963,64160,7633,11861,12284,8664,8138
South Ethiopia,Gamo,Kogota,2016,2380,1426,1485,1430,3550,2703,3788,4316,2851,2858
South Ethiopia,Gamo,Kucha,2016,10320,6907,7545,6245,12850,11897,12511,19341,10979,12364
South Ethiopia,Gamo,Merab Abaya,2016,4100,2354,3650,2335,8240,4255,8544,6975,6651,4546
South Ethiopia,Gamo,Selam Ber Town,2016,1540,1005,845,923,1920,1787,2413,2811,1959,1846
South Ethiopia,Gardula,Derashe,2016,5040,3708,4230,3501,8920,5863,8621,11034,7043,7211
South Ethiopia,Gardula,Gidole Town,2016,3260,844,2205,949,4130,1726,4210,2711,3246,1679
South Ethiopia,Gedeo,Bule,2016,9460,2962,5080,2700,6730,4671,9887,8513,7996,5354
South Ethiopia,Gedeo,Dilla Town,2016,10660,2524,6960,2728,10600,5193,16207,8345,10907,5375
South Ethiopia,Gedeo,Dilla Zuria,2016,1300,4071,365,3923,380,6505,664,12470,585,7966
South Ethiopia,Gedeo,Gedeb,2016,15820,1188,8435,1182,10450,2285,18630,3555,12911,2325
South Ethiopia,Gedeo,Kochire,2016,11720,3417,4415,3400,6880,6084,10661,10493,6718,6711
South Ethiopia,Gedeo,Wenago,2016,7260,5572,5425,5601,6720,9633,8862,16947,7142,10466
South Ethiopia,Gedeo,Yirgachefe,2016,1120,7225,810,7042,870,12698,1175,21306,417,13928
South Ethiopia,Gedeo,Yirgachefe Town,2016,13580,2119,7815,1957,11870,4183,21789,6494,12723,3956
South Ethiopia,Gofa,Beto Town,2016,1220,502,745,488,1720,966,2263,1476,1676,971
South Ethiopia,Gofa,Buliki Town,2016,640,439,520,425,310,804,1005,1275,631,847
South Ethiopia,Gofa,Demba Gofa,2016,4380,3199,3935,3018,46420,5809,5978,9320,5253,6172
South Ethiopia,Gofa,Geze Gofa,2016,2700,2996,2555,2722,5920,5365,4357,8058,4059,5448
South Ethiopia,Gofa,Melekoza,2016,5560,4499,4455,4194,8240,8247,12477,12858,9503,8524
South Ethiopia,Gofa,Melo Gada,2016,2280,1723,1200,772,4250,1942,3944,4350,2290,2543
South Ethiopia,Gofa,Oyda,2016,1880,1767,1625,1574,4150,2843,4140,4886,2973,3080
South Ethiopia,Gofa,Sawla Town,2016,6480,1624,4805,1848,7250,3568,4703,5502,3863,3655
South Ethiopia,Gofa,Uba Debre Tsehay,2016,4340,3545,2980,2427,9450,4772,7268,8247,5338,5281
South Ethiopia,Gofa,Zala,2016,3440,4093,2955,3662,9580,6597,8947,10950,6653,7235
South Ethiopia,Konso,Konso,2016,17500,9991,13585,10950,28620,18947,31580,33235,24772,21425
South Ethiopia,Koore,Gorka,2016,12680,4510,18585,3939,21460,6160,16792,13457,14713,8587
South Ethiopia,South Omo,Bena Tsemay,2016,4800,2947,4380,2748,25610,5211,9459,10193,7135,5722
South Ethiopia,South Omo,Dasenech,2016,3420,2916,3845,2628,14130,4944,5924,7742,5515,5080
South Ethiopia,South Omo,Hamer,2016,4620,2627,3765,2557,9570,4888,6867,7908,5222,5282
South Ethiopia,South Omo,Male,2016,7960,5174,8000,4812,17450,8945,13418,15810,12240,9891
South Ethiopia,South Omo,Nyangatom,2016,1280,1051,1250,970,2630,1703,2426,2886,1957,1910
South Ethiopia,South Omo,Salamago,2016,2900,1247,2190,1241,19670,2223,3092,4346,3509,2823
South Ethiopia,Wolaita,Abala Abaya,2016,1720,1870,2015,1646,4090,3164,3746,5042,3335,3315
South Ethiopia,Wolaita,Areka Town,2016,1020,3396,540,3285,950,6331,1130,9683,825,6505
South Ethiopia,Wolaita,Bayra Koysha,2016,1280,1950,1000,1878,1830,3669,1998,5606,1883,3757
South Ethiopia,Wolaita,Boloso Bonibe,2016,5240,4136,3135,3876,14700,7738,5705,11628,4781,7752
South Ethiopia,Wolaita,Boloso Sore,2016,13520,5605,6465,5465,11510,10707,12640,16617,7207,11037
South Ethiopia,Wolaita,Damot Gale,2016,11360,3939,7520,3627,10370,7221,8723,10889,10325,7253
South Ethiopia,Wolaita,Damot Pulasa,2016,5740,5124,2620,4900,6580,9516,6995,14769,5027,9715
South Ethiopia,Wolaita,Damot Sore,2016,5520,2430,2770,2378,8330,4594,6236,7164,5617,4766
South Ethiopia,Wolaita,Damot Woyide,2016,4560,3578,4460,3257,3720,6480,4777,10467,3812,6806
South Ethiopia,Wolaita,Deguna Fanigo,2016,6920,4916,4160,4226,7540,8224,8334,12926,5351,8544
South Ethiopia,Wolaita,Gesuba Town,2016,2060,988,1110,961,2780,1838,2556,2882,1378,1919
Southwest Ethiopia,Bench Sheko,Gura Ferda,2016,8740,1995,3475,1880,25020,3867,4368,4047,3388,3917
Southwest Ethiopia,Bench Sheko,Mizan Aman Town,2016,10480,2647,8315,2931,40890,5045,11772,5903,7616,5704
Southwest Ethiopia,Bench Sheko,North Bench,2016,8360,3793,7220,4255,21500,7751,10589,8939,7858,8720
Southwest Ethiopia,Bench Sheko,Sheko,2016,6240,1831,3730,2026,7470,3761,5223,4363,5587,4310
Southwest Ethiopia,Bench Sheko,Shey Bench,2016,13200,5105,4060,4919,25660,10172,10270,10254,8850,10106
Southwest Ethiopia,Bench Sheko,Siz Town,2016,580,839,420,786,5900,1392,640,1678,720,1636
Southwest Ethiopia,Bench Sheko,South Bench,2016,7140,3651,8260,4252,68190,8783,9950,9030,9835,8726
Southwest Ethiopia,Dawro,Disa,2016,19320,1825,17220,2117,5780,3773,5410,4089,2625,3951
Southwest Ethiopia,Dawro,Gena Bosa,2016,16680,1506,13080,1556,7460,3035,3719,3194,1379,3132
Southwest Ethiopia,Dawro,Isara,2016,34560,2553,25080,2610,7720,4533,5130,5426,2356,5192
Southwest Ethiopia,Dawro,Kechi,2016,9840,878,9990,957,3900,1854,2591,1919,1428,1916
Southwest Ethiopia,Dawro,Loma Bosa,2016,38760,3757,51720,3698,9320,7006,11795,7696,5073,7513
Southwest Ethiopia,Dawro,Mareka,2016,20280,2186,20310,2161,6900,4246,5548,4456,2853,4437
Southwest Ethiopia,Dawro,Mari mansa,2016,28200,2428,22920,2514,5840,4742,6420,5183,3590,5096
Southwest Ethiopia,Dawro,Tarcha zuriya,2016,19080,2145,43890,2270,6530,4241,3390,4597,5615,4582
Southwest Ethiopia,Dawro,Tercha Town,2016,49920,854,11940,1101,2720,2229,4065,2412,1545,2177
Southwest Ethiopia,Dawro,Tocha,2016,17160,1752,21210,2188,3670,4483,5836,4768,3296,4436
Southwest Ethiopia,Dawro,Zaba Gazo,2016,15960,1752,34620,1737,2950,3445,6700,3561,3257,3497
Southwest Ethiopia,Kaffa,Adiyo,2016,8140,5300,5415,5347,18350,10112,12901,11035,12873,10171
Southwest Ethiopia,Kaffa,Bita,2016,5460,3945,3925,3631,9160,7615,6862,7760,5980,7406
Southwest Ethiopia,Kaffa,Bonga Town,2016,5600,1645,4700,1597,11400,2894,11703,3446,5673,3312
Southwest Ethiopia,Kaffa,Chena,2016,7760,3439,6620,3385,43490,5618,9291,7340,6848,6932
Southwest Ethiopia,Kaffa,Cheta,2016,2640,1819,2780,1503,4360,2842,3713,3490,3309,3382
Southwest Ethiopia,Kaffa,Decha,2016,5580,4561,3735,3600,8320,7100,5315,8586,5839,8194
Southwest Ethiopia,Kaffa,Gesha,2016,8780,4114,7350,3949,12720,7899,7929,8972,8432,8497
Southwest Ethiopia,Kaffa,Gewata,2016,7380,3109,6325,3192,20570,5830,5346,6848,8047,6562
Southwest Ethiopia,Kaffa,Gimbo,2016,10000,3570,5355,3593,12470,6545,9472,7720,8108,7351
Southwest Ethiopia,Kaffa,Goba,2016,2920,1832,2795,1596,5380,3085,2811,3785,3099,3490
Southwest Ethiopia,Kaffa,Saylem,2016,4060,1987,2355,1971,3920,3854,2590,4090,2610,3989
Southwest Ethiopia,Kaffa,Shishoinde,2016,5400,3050,3520,3149,10120,6203,6075,6529,5191,6303
Southwest Ethiopia,Kaffa,Tello,2016,8680,3299,5455,3215,8370,5895,7870,6777,6898,6652
Southwest Ethiopia,Konta,Konta,2016,11160,3996,10200,4055,37830,10493,8760,9041,9137,8401
Southwest Ethiopia,Sheka,Anderacha,2016,3300,691,2390,858,15400,1646,3478,1833,3793,1753
Southwest Ethiopia,Sheka,Masha,2016,5120,1303,4190,1436,7230,2189,4275,2987,3767,2900
Southwest Ethiopia,Sheka,Teppi Town,2016,200,2064,100,1362,100,2196,200,2762,40,2591
Southwest Ethiopia,Sheka,Yeki,2016,10120,2712,7145,3839,19260,8416,8827,8154,8542,7960
Southwest Ethiopia,West Omo,Bero,2016,3740,468,2060,545,9580,890,3256,1242,1980,1213
Southwest Ethiopia,West Omo,Gachit,2016,2680,1986,2770,1602,14660,2664,2700,3972,2200,3943
Southwest Ethiopia,West Omo,Maji,2016,7640,1482,3535,1443,7330,2555,4030,3296,3326,3188
Southwest Ethiopia,West Omo,Menit Goldia,2016,9960,2741,8080,2302,53850,5564,10348,5245,8852,4884
Southwest Ethiopia,West Omo,Menit Shasha,2016,9960,3007,6310,2315,28310,6681,8150,5345,7187,5111
Southwest Ethiopia,West Omo,Suri,2016,2280,296,1645,532,15680,4411,1959,1624,1624,1443
Somali,Afdere,Barrey,2016,4040,3007,3870,6241,5580,6241,2496,7207,3350,10203
Somali,Afdere,Chereti,2016,2580,4789,6325,7511,6050,7511,4890,11648,3460,14407
Somali,Afdere,Dolo Bay,2016,2960,2395,2535,4947,3410,4947,3750,5637,2060,7303
Somali,Afdere,Elkeri,2016,3400,4154,1570,5033,5250,5033,4400,9141,3350,13677
Somali,Afdere,Godgod,2016,640,744,480,1039,700,1039,678,1816,660,2542
Somali,Afdere,Hargele,2016,2780,3382,1190,4465,3700,4465,2920,5881,1860,8354
Somali,Afdere,Kohle,2016,2480,1102,2100,2391,2410,2391,2221,3615,1150,5117
Somali,Afdere,Raso,2016,3480,1347,3000,2152,4170,2152,5236,2939,2560,4275
Somali,Afdere,West Emay,2016,2000,2622,1020,4723,2060,4723,3011,5238,1450,7486
Somali,Dawa,Hudet,2016,4820,1978,3215,4094,3680,4094,4484,5317,3800,7157
Somali,Dawa,Moyale,2016,9900,5310,8790,6057,19800,6057,1683,8397,1741,12292
Somali,Dawa,Mubarek,2016,4920,9475,2645,13120,5230,13120,16276,15385,7840,21356
Somali,Dawa,Qedaduma,2016,5060,2499,1110,4556,2650,4556,6572,6142,3400,9161
Somali,Dollo,Danot,2016,1880,3115,1010,4611,47160,4611,7623,7623,981,9981
Somali,Dollo,Daratole,2016,1160,1505,800,3915,22720,3915,2688,4530,1635,6526
Somali,Dollo,Galadi,2016,2900,1198,2500,1940,1300,1940,1692,2496,850,3481
Somali,Dollo,Galhamur,2016,2580,3053,1600,6514,4550,6514,4408,7874,3000,10751
Somali,Dollo,Lahel Yucub,2016,1760,1149,1100,2291,3050,2291,2016,3236,1900,4268
Somali,Dollo,Warder,2016,9700,821,5650,1370,2900,1370,934,2182,746,2941
Somali,Erer,Fik,2016,4560,1630,920,3878,13900,3878,8709,6552,5385,8824
Somali,Erer,Hamero,2016,3300,1380,3595,3207,2520,3207,4247,3514,2995,5055
Somali,Erer,Lagahida,2016,1900,1228,3120,2296,10820,2296,2553,2668,1362,3772
Somali,Erer,Mayumuluke,2016,860,375,1290,442,7230,442,1543,1071,1487,1272
Somali,Erer,Qubi,2016,2640,1272,865,4003,3810,4003,4545,4361,2742,6089
Somali,Erer,Salahad,2016,1680,1353,2290,2731,1970,2731,2379,3253,1712,4266
Somali,Erer,Yahob,2016,1060,783,1435,1013,6130,1013,1656,1656,1831,1831
Somali,Fafan,Awbara,2016,27220,840,1005,1719,3860,1719,1979,1935,1373,2809
Somali,Fafan,Babile,2016,3500,11212,20150,20914,2740,20914,35378,21325,22942,31043
Somali,Fafan,Goljano,2016,2820,6337,4050,7802,52160,7802,11843,9711,7990,13943
Somali,Fafan,Gursum,2016,8300,1578,2680,2990,10670,2990,2915,3855,2661,5176
Somali,Fafan,Harewo,2016,7240,2961,4620,6014,6560,6014,8174,7172,5590,9659
Somali,Fafan,Haroreys,2016,1640,4293,4360,7704,10890,7704,8753,8166,5639,12204
Somali,Fafan,Harshin,2016,2300,1318,1745,3043,9600,3043,4271,4927,2972,5183
Somali,Fafan,Jijiga City,2016,8420,3919,3330,6573,4760,6573,9610,7478,6673,11095
Somali,Fafan,Kabribayah,2016,16500,5649,5125,12901,9290,12901,39906,14553,25495,20567
Somali,Fafan,Mullu,2016,1500,0,10995,0,7110,0,17035,0,11540,0
Somali,Fafan,Qoraan,2016,1740,1326,810,2178,30750,2178,4235,2961,3124,4151
Somali,Fafan,Shebele,2016,6960,2983,1165,7441,1850,7441,10014,10014,13077,13077
Somali,Fafan,Tuliguled,2016,4400,3695,5315,6170,2660,6170,9905,8509,6716,11265
Somali,Jarar,Ararso,2016,2580,1307,3760,2059,14050,2059,2050,2770,1379,3504
Somali,Jarar,Aware,2016,1640,1598,2215,3890,9390,3890,5021,6207,3360,8287
Somali,Jarar,Bilebur,2016,1580,421,1465,690,5610,690,1825,1203,1721,1531
Somali,Jarar,Birkod,2016,2300,557,1330,1031,3760,1031,2071,1627,1462,2331
Somali,Jarar,Daror,2016,3380,486,1890,2469,3240,2469,2535,2580,1640,3609
Somali,Jarar,Degahbur,2016,2580,1351,2920,3177,5490,3177,5319,3971,3307,5039
Somali,Jarar,Degahbur City,2016,1960,893,1655,2243,6200,2243,2825,3632,1870,4386
Somali,Jarar,Degahmado,2016,3000,717,1435,1893,4300,1893,7716,2528,3878,2841
Somali,Jarar,Dig,2016,2440,1896,2940,3485,4680,3485,4104,4901,2422,6267
Somali,Jarar,Gashamo,2016,6220,882,1750,1515,7930,1515,2999,2442,2001,3285
Somali,Jarar,Gunagedo,2016,7540,1113,5360,2659,4330,2659,9694,5882,6469,7285
Somali,Jarar,Yoale,2016,2300,4056,7230,6423,12600,6423,9149,8255,6126,12340
Somali,Korahe,Bodaley,2016,1640,1539,2015,2502,17180,2502,3652,3618,1917,5099
Somali,Korahe,Dobawayn,2016,2220,1489,1350,2117,6730,2117,1976,2438,1390,3440
Somali,Korahe,Ellogaden,2016,1360,2814,2400,5533,3270,5533,1944,6257,1300,8973
Somali,Korahe,Gogle,2016,900,783,1400,1607,3580,1607,2016,1699,950,2408
Somali,Korahe,Hikloley,2016,1400,637,750,1611,3350,1611,912,1702,850,2533
Somali,Korahe,Kabridehar City,2016,100,887,1000,1380,1330,1380,1248,1573,750,2068
Somali,Korahe,Kebridehare,2016,5220,3732,200,6902,1750,6902,3860,7368,2315,10776
Somali,Korahe,Kudunbur,2016,1320,0,2650,0,350,0,1200,0,765,0
Somali,Korahe,Lasdenkeri,2016,1860,478,2500,1018,11950,1018,1640,1164,890,1585
Somali,Korahe,Marsin,2016,1900,2535,475,3868,1480,3868,1968,4162,1550,5611
Somali,Korahe,Shegosh,2016,3420,1821,1000,2627,2200,2627,3514,2994,2540,4241
Somali,Korahe,Shilabo,2016,5200,1238,1200,1805,3850,1805,5020,3262,3020,3231
Somali,Liben,Bokolmayo,2016,1780,1460,2650,2609,5730,2609,2623,3862,1470,5126
Somali,Liben,Deka Suftu,2016,2640,1142,3200,3008,7750,3008,4400,3919,2250,5555
Somali,Liben,Dolo ado,2016,4420,3178,965,5323,2000,5323,8471,7550,4500,10772
Somali,Liben,Filtu,2016,5820,1823,1545,3450,2890,3450,4860,4756,2587,6326
Somali,Liben,Gora Bekeksa,2016,3020,1629,3075,4248,6460,4248,2339,5250,1260,7505
Somali,Liben,Gura Damole,2016,1640,0,2725,3038,7190,3038,4098,3630,2250,5155
Somali,Nogob,Ayun,2016,2020,1317,925,3353,1870,3353,3666,4519,2401,6446
Somali,Nogob,Duhun,2016,2960,817,1545,2524,3450,2524,3029,2902,1937,3876
Somali,Nogob,Elweyne,2016,2240,2160,1390,2939,3520,2939,5032,4923,2981,7054
Somali,Nogob,Garbo,2016,3440,551,1825,1502,4890,1502,0,1998,0,2677
Somali,Nogob,Haroshegah,2016,1140,597,1505,1636,4290,1636,1998,1954,2677,2524
Somali,Nogob,Sagag,2016,3440,1018,2915,2821,6750,2821,5272,3334,3292,4864
Somali,Nogob,Xararen,2016,1340,0,745,0,21730,0,2180,0,1306,0
Somali,Shabele,Abaqorow,2016,400,736,2705,786,6850,786,2103,1634,1032,1912
Somali,Shabele,Berano,2016,4200,2307,500,3008,1500,3008,6000,4791,3495,6629
Somali,Shabele,Danan,2016,2040,1105,3350,1854,9000,1854,2942,2792,1615,3449
Somali,Shabele,East Imey,2016,4320,2286,2430,4040,6350,4040,5720,5772,3645,8050
Somali,Shabele,Elele,2016,2100,902,1550,1655,4650,1655,2180,2042,1460,2418
Somali,Shabele,Ferfer,2016,4600,1988,2450,2427,6800,2427,4858,3150,3050,4528
Somali,Shabele,Gode,2016,3140,1924,1650,3144,3920,3144,9140,4004,5195,5243
Somali,Shabele,Gode City,2016,1100,1711,2300,3434,5090,3434,0,4490,0,5883
Somali,Shabele,Kelafo,2016,6780,1751,2000,2063,8810,2063,4490,3567,5883,5039
Somali,Shabele,Mustahil,2016,3860,4225,600,6307,6800,6307,8280,7045,5500,9778
Somali,Siti,Afdem,2016,3000,1493,3750,4255,10800,4255,5255,5515,5942,7643
Somali,Siti,Aysha,2016,960,0,2200,0,5780,0,750,0,290,0
Somali,Siti,Daymeed,2016,600,141,2205,102,3760,102,770,729,1035,957
Somali,Siti,Dembel,2016,3480,3720,1365,5377,2260,5377,6340,5634,4303,8033
Somali,Siti,Dhunyar,2016,960,549,850,1446,2200,1446,2095,1955,1965,2736
Somali,Siti,Erere,2016,8260,2141,5000,3920,9190,3920,6007,5306,4632,6808
Somali,Siti,Gablalu,2016,980,0,1410,0,4740,0,5020,0,2740,0
Somali,Siti,Hadigala,2016,440,224,10485,306,46190,306,799,712,1024,837
Somali,Siti,Meisso,2016,2380,856,1345,2516,1400,2516,1300,2728,1128,3956
Somali,Siti,Shinele,2016,2160,0,2345,4182,3180,4182,872,4259,1545,4368
Somali,Siti,Meisso,2016,2380,5455,3280,5870,4690,5870,3197,9469,2712,13216
Somali,Siti,Shinele town,2016,2160,0,2625,0,5640,0,3515,0,1848,0
Tigray,Centeral,Abergele Yechla,2016,4540,2072,4880,1788,4350,2034,11621,5662,11920,4425
Tigray,Centeral,Abi Adi,2016,3280,1747,3400,1449,1760,1867,4709,4693,6376,3854
Tigray,Centeral,Adiet,2016,6720,1845,9500,1762,10440,2017,12311,5309,15242,4320
Tigray,Centeral,Adwa town,2016,9540,1909,18010,1508,16190,1749,12304,4613,21336,4326
Tigray,Centeral,Ahferom,2016,6740,753,12770,952,12480,1345,7071,2820,14748,2579
Tigray,Centeral,Ahsea,2016,3680,865,2870,906,2370,975,4011,2809,5764,2640
Tigray,Centeral,Axum town,2016,6140,2104,10330,2112,7840,2098,12311,6045,13872,4703
Tigray,Centeral,Chlla,2016,6100,1054,11010,1123,9890,1272,9349,3279,12122,2779
Tigray,Centeral,Egella,2016,1340,800,1300,778,740,750,1421,2365,1712,1792
Tigray,Centeral,Embasenyti,2016,2260,699,1590,626,1080,726,3068,1881,3770,1698
Tigray,Centeral,Edabatsahma,2016,3320,1695,1960,1465,1800,2065,4484,4753,4848,3886
Tigray,Centeral,Enticho,2016,600,661,0,497,400,536,400,1453,700,1332
Tigray,Centeral,Hahaylle,2016,2460,729,3550,713,1310,842,3036,2340,3968,2031
Tigray,Centeral,Keyh Teklli,2016,6120,1117,13120,872,8860,1194,8982,2853,15828,2633
Tigray,Centeral,Kolla Temben,2016,9340,942,12480,908,11650,1242,11945,2873,15558,2729
Tigray,Centeral,Laelay Maychew,2016,3980,876,6610,989,6410,1524,5963,2926,7766,2226
Tigray,Centeral,Mai Kinetal,2016,1800,913,2990,827,3260,883,2669,2549,4234,2470
Tigray,Centeral,Naeder,2016,4480,966,8080,866,7660,1213,6462,2873,9304,2601
Tigray,Centeral,Rama Adi 4,2016,2900,1096,3800,1108,3410,1577,5336,3332,6550,2358
Tigray,Centeral,Tahtay Maychew,2016,4800,1300,8490,1233,7440,2091,7087,3881,10190,3015
Tigray,Centeral,Tankamlash,2016,4120,856,7920,658,8430,1423,5773,2294,9344,1848
Tigray,East,Adigrat,2016,4120,2365,11670,2005,6280,2722,6623,6136,14726,5823
Tigray,East,Atsbi,2016,1280,1402,3560,1373,370,2102,1580,3965,3376,3126
Tigray,East,Atsibi E/Silasea,2016,4200,297,6340,278,4390,389,3690,799,6652,826
Tigray,East,Erob,2016,1240,191,3470,213,1860,257,688,682,2320,509
Tigray,East,Ganta Afeshum,2016,6200,846,6170,866,3680,1173,6114,2716,9762,2240
Tigray,East,Gerealta,2016,1300,622,2260,832,1170,894,2593,1885,1878,1764
Tigray,East,Gulomekeda,2016,2160,563,6720,680,2820,657,2628,1825,5192,1983
Tigray,East,Kilte awlaelo,2016,8080,797,20570,1296,7700,1206,12726,2691,17594,2377
Tigray,East,Subha Saesie,2016,3640,863,7090,937,4740,971,4709,2825,8404,2329
Tigray,East,Tsaeda Emba,2016,3380,1744,5530,1565,4460,1998,4313,4844,7036,4664
Tigray,East,Tsirae Wemberta,2016,5800,1460,5510,1484,4900,1904,8100,4369,7146,3532
Tigray,East,Wukro,2016,2520,1338,12090,953,2290,1881,5700,3755,6656,3707
Tigray,Mekelle,Adihaki,2016,4220,1468,6820,1329,3480,2073,4747,4361,7094,4152
Tigray,Mekelle,Ayder,2016,31260,2888,216330,3562,21870,3563,13397,8744,47782,8079
Tigray,Mekelle,Hadnet,2016,5140,2887,14960,4294,9330,4947,13718,10741,17186,8661
Tigray,Mekelle,Hawelti,2016,2720,2185,14880,2229,4130,3308,9126,6850,15532,5881
Tigray,Mekelle,Kedamay Weyane,2016,6500,427,3530,463,3370,661,4956,1390,6244,1376
Tigray,Mekelle,Quiha,2016,1880,959,5700,1238,2850,1210,4924,3094,7148,2875
Tigray,Mekelle,Semen,2016,3580,2545,11750,2918,4750,2082,9234,5583,11240,4640
Tigray,North West,Adi Daero,2016,6100,1414,9080,1513,3930,1652,10169,4326,13988,3148
Tigray,North West,Asgede,2016,8380,1829,19300,2277,13680,3075,17913,6918,24500,5251
Tigray,North West,Endaba Guna,2016,3440,662,3450,592,400,826,4499,1800,5042,1417
Tigray,North West,Laelay Koraro,2016,5860,1234,5680,1183,7600,1371,9229,3739,12384,2608
Tigray,North West,Maekel Adiabo,2016,2720,760,5230,760,3350,957,4805,2477,6050,1804
Tigray,North West,Seyemti Adiabo,2016,2640,679,7920,882,7200,1151,6826,2805,9426,1992
Tigray,North West,Sheraro Town,2016,2240,1133,4490,853,2550,736,4115,2722,5442,2433
Tigray,North West,Shire Endaselasie,2016,9400,4013,16450,3796,6790,4592,16911,11777,20250,9956
Tigray,North West,Tahetay Adiabo,2016,3180,1533,7580,1623,5680,2474,5823,4790,7088,3366
Tigray,North West,Tahetay Koraro,2016,4620,1581,8260,1476,11390,2083,12221,4579,15746,3512
Tigray,North West,Tsimbla,2016,6020,1228,12560,1207,10580,1671,11437,3780,14638,2965
Tigray,North West,Zana,2016,5260,1476,11170,1201,8460,1711,8463,3856,10840,2988
Tigray,South,Emba Alaje,2016,10380,1205,21670,955,12880,1691,11759,3407,16502,2855
Tigray,South,Enda mekhoni,2016,6960,1376,20250,1423,8310,2345,8756,3961,11876,3451
Tigray,South,Korem,2016,2600,20,3390,0,4810,0,3435,0,5026,520
Tigray,South,Maychew,2016,5680,880,6010,872,2910,1064,3423,2454,7100,2199
Tigray,South,Ofla,2016,9620,186,23490,99,38160,727,19843,868,22564,635
Tigray,South,Raya Azebo,2016,9380,299,16960,507,11150,361,15541,795,21526,804
Tigray,South,Raya Chercher,2016,2660,1810,3020,1463,2220,2497,1383,4716,4938,4523
Tigray,South East,Degua Tembien,2016,4780,1176,9440,1085,4770,1405,6226,3376,11648,2607
Tigray,South East,Enderta,2016,10620,2447,18440,2277,6150,3207,17246,7551,24296,7050
Tigray,South East,Hintallo,2016,14260,3985,33200,3389,15240,4731,20727,11127,22596,9558
Tigray,South East,Samre,2016,4960,937,9590,914,6120,1108,9043,2654,11016,2796
Tigray,South East,Seharti,2016,4740,1394,8950,1295,7400,1164,8223,3823,9446,3605
Tigray,South East,Wejerat,2016,500,827,250,681,200,1503,300,2298,200,1813
